[{"id": "d6ed2253-ea00-4043-ac0e-37ab20fd2836", "object_type": 11, "health": 50, "hitbox": {"id": "4502bf41-7e9f-49f6-b0ab-d401cd906a3b", "object_type": 12, "width": 220, "height": 4, "position": [110, 138]}, "collidable": true, "destructible": true},
{"id": "644944dc-4556-4b07-ba71-07e9e9bc2684", "object_type": 11, "health": 50, "hitbox": {"id": "06706ac3-cd38-450b-a317-2c685d9334aa", "object_type": 12, "width": 4, "height": 220, "position": [2, 110]}, "collidable": true, "destructible": true}]