{"players": [{"id": "1f02f516-fb47-46f9-aa46-c687835f8f41", "object_type": 2, "functional": true, "error": null, "team_name": "Roomba Client", "shooter": {"id": "61554fad-8029-494e-a2f9-60b2173e9467", "object_type": 10, "health": 0, "hitbox": {"id": "cf52c541-40d8-4d1f-9832-a11805a25078", "object_type": 14, "width": 10, "height": 10, "position": [45.0, 45.0]}, "collidable": true, "heading": 45, "speed": 25, "inventory": {"guns": [{"id": "37c480da-16b7-4bd1-b94f-ac526d813055", "object_type": 12, "health": null, "hitbox": {"id": "0cf24d43-06f5-47a4-9deb-6e11f74416e7", "object_type": 14, "width": 0, "height": 0, "position": [0, 0]}, "collidable": false, "gun_type": 1, "level": 1, "pattern": 1, "damage": 25, "fire_rate": 0, "range": 30, "mag_size": 5}, null], "upgrades": [null, null, null], "consumables": [null, null, null, null]}, "money": 10, "armor": 1.0, "view_distance": 500, "speed_boost_cooldown": 0, "radar_cooldown": 0, "primary_gun_pointer": 0}, "action": {"object_type": 1, "chosen_action": 2}}, {"id": "f8ae561f-ecaf-461b-a61f-2f99191eeb9e", "object_type": 2, "functional": true, "error": null, "team_name": "Bad Awful Client", "shooter": {"id": "b9af0fc3-801b-401d-be14-b974c5ec5fde", "object_type": 10, "health": 100, "hitbox": {"id": "3f9a1a1a-5c7e-4bf6-889f-ced7ca242884", "object_type": 14, "width": 10, "height": 10, "position": [396.55, 396.55]}, "collidable": true, "heading": 225, "speed": 25, "inventory": {"guns": [{"id": "d21c43ae-0328-4b49-9340-8e23d68d5d68", "object_type": 12, "health": null, "hitbox": {"id": "88d95622-7367-43aa-b732-971aeeccc2a4", "object_type": 14, "width": 0, "height": 0, "position": [0, 0]}, "collidable": false, "gun_type": 1, "level": 1, "pattern": 1, "damage": 25, "fire_rate": 0, "range": 30, "mag_size": 5}, null], "upgrades": [null, null, null], "consumables": [null, null, null, null]}, "money": 10, "armor": 1.0, "view_distance": 500, "speed_boost_cooldown": 0, "radar_cooldown": 0, "primary_gun_pointer": 0}, "action": {"object_type": 1, "chosen_action": 2}}], "errors": [], "no_errors": ["Roomba Client", "Bad Awful Client"], "players_dead": ["Roomba Client"], "players_alive": ["Bad Awful Client"]}