{"tick": 6, "clients": [{"id": "1f02f516-fb47-46f9-aa46-c687835f8f41", "object_type": 2, "functional": true, "error": null, "team_name": "Roomba Client", "shooter": {"id": "61554fad-8029-494e-a2f9-60b2173e9467", "object_type": 10, "health": 100, "hitbox": {"id": "cf52c541-40d8-4d1f-9832-a11805a25078", "object_type": 14, "width": 10, "height": 10, "position": [45.0, 45.0]}, "collidable": true, "heading": 45, "speed": 25, "inventory": {"guns": [{"id": "37c480da-16b7-4bd1-b94f-ac526d813055", "object_type": 12, "health": null, "hitbox": {"id": "0cf24d43-06f5-47a4-9deb-6e11f74416e7", "object_type": 14, "width": 0, "height": 0, "position": [0, 0]}, "collidable": false, "gun_type": 1, "level": 1, "pattern": 1, "damage": 25, "fire_rate": 0, "range": 30, "mag_size": 5}, null], "upgrades": [null, null, null], "consumables": [null, null, null, null]}, "money": 10, "armor": 1.0, "view_distance": 500, "speed_boost_cooldown": 0, "radar_cooldown": 0, "primary_gun_pointer": 0}, "action": {"object_type": 1, "chosen_action": 2}}, {"id": "f8ae561f-ecaf-461b-a61f-2f99191eeb9e", "object_type": 2, "functional": true, "error": null, "team_name": "Bad Awful Client", "shooter": {"id": "b9af0fc3-801b-401d-be14-b974c5ec5fde", "object_type": 10, "health": 100, "hitbox": {"id": "3f9a1a1a-5c7e-4bf6-889f-ced7ca242884", "object_type": 14, "width": 10, "height": 10, "position": [396.55, 396.55]}, "collidable": true, "heading": 225, "speed": 25, "inventory": {"guns": [{"id": "d21c43ae-0328-4b49-9340-8e23d68d5d68", "object_type": 12, "health": null, "hitbox": {"id": "88d95622-7367-43aa-b732-971aeeccc2a4", "object_type": 14, "width": 0, "height": 0, "position": [0, 0]}, "collidable": false, "gun_type": 1, "level": 1, "pattern": 1, "damage": 25, "fire_rate": 0, "range": 30, "mag_size": 5}, null], "upgrades": [null, null, null], "consumables": [null, null, null, null]}, "money": 10, "armor": 1.0, "view_distance": 500, "speed_boost_cooldown": 0, "radar_cooldown": 0, "primary_gun_pointer": 0}, "action": {"object_type": 1, "chosen_action": 2}}], "game_map": {"id": "067cbd53-a996-4681-be0d-db86bd9941f4", "object_type": 3, "width": 500, "height": 500, "partition": {"partition_grid": [[[], [], [], [], [], [], [], [], [{"id": "e106cbfb-11cf-49a1-8e02-6bae0983a422", "object_type": 19, "health": 10, "hitbox": {"id": "3607be90-f60b-4701-a6b7-73489f175061", "object_type": 14, "width": 10, "height": 10, "position": [161, 2]}, "collidable": false, "turn_cooldown": 5, "countdown": 5}], [], [], [], [], [], [], [], [], [], [], [], [], [], [], [], [{"id": "535b73d0-c415-4fe1-97f6-a192b88cd3e3", "object_type": 19, "health": 10, "hitbox": {"id": "a89f6e4d-105f-4a6a-8841-507073b033e2", "object_type": 14, "width": 10, "height": 10, "position": [480, 16]}, "collidable": false, "turn_cooldown": 5, "countdown": 5}]], [[], [], [], [{"id": "335abd23-254a-47d3-bbd2-5bbbd2a8f7fe", "object_type": 13, "health": 18, "hitbox": {"id": "f3c70755-3e7c-4838-830a-1267f910ad84", "object_type": 14, "width": 40, "height": 20, "position": [70, 20]}, "collidable": true, "destructible": true}], [{"id": "335abd23-254a-47d3-bbd2-5bbbd2a8f7fe", "object_type": 13, "health": 18, "hitbox": {"id": "f3c70755-3e7c-4838-830a-1267f910ad84", "object_type": 14, "width": 40, "height": 20, "position": [70, 20]}, "collidable": true, "destructible": true}], [], [], [], [], [], [], [], [], [], [], [], [], [], [], [], [], [], [], [], []], [[], [{"id": "728ec71c-df4e-4467-861e-1aa241c59fcb", "object_type": 13, "health": 18, "hitbox": {"id": "f15e222f-eb94-440c-9715-f5bad937f759", "object_type": 14, "width": 140, "height": 45, "position": [20, 50]}, "collidable": true, "destructible": true}], [{"id": "61554fad-8029-494e-a2f9-60b2173e9467", "object_type": 10, "health": 100, "hitbox": {"id": "cf52c541-40d8-4d1f-9832-a11805a25078", "object_type": 14, "width": 10, "height": 10, "position": [45.0, 45.0]}, "collidable": true, "heading": 45, "speed": 25, "inventory": {"guns": [{"id": "37c480da-16b7-4bd1-b94f-ac526d813055", "object_type": 12, "health": null, "hitbox": {"id": "0cf24d43-06f5-47a4-9deb-6e11f74416e7", "object_type": 14, "width": 0, "height": 0, "position": [0, 0]}, "collidable": false, "gun_type": 1, "level": 1, "pattern": 1, "damage": 25, "fire_rate": 0, "range": 30, "mag_size": 5}, null], "upgrades": [null, null, null], "consumables": [null, null, null, null]}, "money": 10, "armor": 1.0, "view_distance": 500, "speed_boost_cooldown": 0, "radar_cooldown": 0, "primary_gun_pointer": 0}], [{"id": "728ec71c-df4e-4467-861e-1aa241c59fcb", "object_type": 13, "health": 18, "hitbox": {"id": "f15e222f-eb94-440c-9715-f5bad937f759", "object_type": 14, "width": 140, "height": 45, "position": [20, 50]}, "collidable": true, "destructible": true}], [{"id": "728ec71c-df4e-4467-861e-1aa241c59fcb", "object_type": 13, "health": 18, "hitbox": {"id": "f15e222f-eb94-440c-9715-f5bad937f759", "object_type": 14, "width": 140, "height": 45, "position": [20, 50]}, "collidable": true, "destructible": true}, {"id": "18f2751a-6bbc-46e6-bac6-a558ad8244a2", "object_type": 15, "health": 18, "hitbox": {"id": "a5458fa6-e730-4eed-8177-58c1b3dbd57e", "object_type": 14, "width": 3, "height": 10, "position": [90, 40]}, "collidable": true, "opening_speed": 1, "open_state": false}], [{"id": "728ec71c-df4e-4467-861e-1aa241c59fcb", "object_type": 13, "health": 18, "hitbox": {"id": "f15e222f-eb94-440c-9715-f5bad937f759", "object_type": 14, "width": 140, "height": 45, "position": [20, 50]}, "collidable": true, "destructible": true}], [{"id": "728ec71c-df4e-4467-861e-1aa241c59fcb", "object_type": 13, "health": 18, "hitbox": {"id": "f15e222f-eb94-440c-9715-f5bad937f759", "object_type": 14, "width": 140, "height": 45, "position": [20, 50]}, "collidable": true, "destructible": true}, {"id": "66008103-19d4-4aa2-9a73-dcc36404ac04", "object_type": 16, "health": 5, "hitbox": {"id": "7e29ae86-73cf-48d8-af66-c705fe6dfcfd", "object_type": 14, "width": 5, "height": 5, "position": [127.46537093106373, 40.75758718987288]}, "collidable": false, "upgrade_enum": 3, "movement_enum": null, "sight_enum": null}], [{"id": "728ec71c-df4e-4467-861e-1aa241c59fcb", "object_type": 13, "health": 18, "hitbox": {"id": "f15e222f-eb94-440c-9715-f5bad937f759", "object_type": 14, "width": 140, "height": 45, "position": [20, 50]}, "collidable": true, "destructible": true}], [], [{"id": "345f8f3d-819d-4e60-9386-638865fdf340", "object_type": 13, "health": 18, "hitbox": {"id": "7a35adca-0386-4730-ad24-bc4d25900832", "object_type": 14, "width": 30, "height": 100, "position": [180.0, 40]}, "collidable": true, "destructible": true}], [{"id": "345f8f3d-819d-4e60-9386-638865fdf340", "object_type": 13, "health": 18, "hitbox": {"id": "7a35adca-0386-4730-ad24-bc4d25900832", "object_type": 14, "width": 30, "height": 100, "position": [180.0, 40]}, "collidable": true, "destructible": true}], [], [], [], [{"id": "97cb0595-a68c-4a7f-9b8f-60ef9634f8b6", "object_type": 13, "health": 18, "hitbox": {"id": "d21e0c9a-1788-4cec-bb63-745401f1a35e", "object_type": 14, "width": 30, "height": 100, "position": [290.0, 40]}, "collidable": true, "destructible": true}], [{"id": "97cb0595-a68c-4a7f-9b8f-60ef9634f8b6", "object_type": 13, "health": 18, "hitbox": {"id": "d21e0c9a-1788-4cec-bb63-745401f1a35e", "object_type": 14, "width": 30, "height": 100, "position": [290.0, 40]}, "collidable": true, "destructible": true}], [], [], [{"id": "79473931-a71a-425c-8ca6-4eba27ac9f67", "object_type": 13, "health": 18, "hitbox": {"id": "68530b99-f8c2-4ec3-8974-d67048a59daa", "object_type": 14, "width": 18, "height": 18, "position": [370.0, 50]}, "collidable": true, "destructible": true}], [], [{"id": "b5f72b76-64f5-4fd3-852f-24075b329e0b", "object_type": 13, "health": 18, "hitbox": {"id": "eca81077-9e0a-4695-abf8-a4c3891f417c", "object_type": 14, "width": 18, "height": 18, "position": [400.0, 50]}, "collidable": true, "destructible": true}], [{"id": "91fe10e8-cb4d-4a52-8734-c0539da7ef59", "object_type": 13, "health": 18, "hitbox": {"id": "932e002c-4377-46c6-b79f-abc01e0c1c06", "object_type": 14, "width": 18, "height": 18, "position": [430.0, 50]}, "collidable": true, "destructible": true}], [], [], []], [[], [{"id": "728ec71c-df4e-4467-861e-1aa241c59fcb", "object_type": 13, "health": 18, "hitbox": {"id": "f15e222f-eb94-440c-9715-f5bad937f759", "object_type": 14, "width": 140, "height": 45, "position": [20, 50]}, "collidable": true, "destructible": true}], [{"id": "728ec71c-df4e-4467-861e-1aa241c59fcb", "object_type": 13, "health": 18, "hitbox": {"id": "f15e222f-eb94-440c-9715-f5bad937f759", "object_type": 14, "width": 140, "height": 45, "position": [20, 50]}, "collidable": true, "destructible": true}], [{"id": "728ec71c-df4e-4467-861e-1aa241c59fcb", "object_type": 13, "health": 18, "hitbox": {"id": "f15e222f-eb94-440c-9715-f5bad937f759", "object_type": 14, "width": 140, "height": 45, "position": [20, 50]}, "collidable": true, "destructible": true}], [{"id": "728ec71c-df4e-4467-861e-1aa241c59fcb", "object_type": 13, "health": 18, "hitbox": {"id": "f15e222f-eb94-440c-9715-f5bad937f759", "object_type": 14, "width": 140, "height": 45, "position": [20, 50]}, "collidable": true, "destructible": true}], [{"id": "728ec71c-df4e-4467-861e-1aa241c59fcb", "object_type": 13, "health": 18, "hitbox": {"id": "f15e222f-eb94-440c-9715-f5bad937f759", "object_type": 14, "width": 140, "height": 45, "position": [20, 50]}, "collidable": true, "destructible": true}], [{"id": "728ec71c-df4e-4467-861e-1aa241c59fcb", "object_type": 13, "health": 18, "hitbox": {"id": "f15e222f-eb94-440c-9715-f5bad937f759", "object_type": 14, "width": 140, "height": 45, "position": [20, 50]}, "collidable": true, "destructible": true}], [{"id": "728ec71c-df4e-4467-861e-1aa241c59fcb", "object_type": 13, "health": 18, "hitbox": {"id": "f15e222f-eb94-440c-9715-f5bad937f759", "object_type": 14, "width": 140, "height": 45, "position": [20, 50]}, "collidable": true, "destructible": true}], [], [{"id": "345f8f3d-819d-4e60-9386-638865fdf340", "object_type": 13, "health": 18, "hitbox": {"id": "7a35adca-0386-4730-ad24-bc4d25900832", "object_type": 14, "width": 30, "height": 100, "position": [180.0, 40]}, "collidable": true, "destructible": true}], [{"id": "345f8f3d-819d-4e60-9386-638865fdf340", "object_type": 13, "health": 18, "hitbox": {"id": "7a35adca-0386-4730-ad24-bc4d25900832", "object_type": 14, "width": 30, "height": 100, "position": [180.0, 40]}, "collidable": true, "destructible": true}, {"id": "0f6a8ba8-a574-4646-9cfb-8e64c67fec9a", "object_type": 13, "health": 18, "hitbox": {"id": "0f1854b1-bbeb-42b7-989c-4028e3c20709", "object_type": 14, "width": 80, "height": 30, "position": [210.0, 75]}, "collidable": true, "destructible": true}], [{"id": "0f6a8ba8-a574-4646-9cfb-8e64c67fec9a", "object_type": 13, "health": 18, "hitbox": {"id": "0f1854b1-bbeb-42b7-989c-4028e3c20709", "object_type": 14, "width": 80, "height": 30, "position": [210.0, 75]}, "collidable": true, "destructible": true}], [{"id": "0f6a8ba8-a574-4646-9cfb-8e64c67fec9a", "object_type": 13, "health": 18, "hitbox": {"id": "0f1854b1-bbeb-42b7-989c-4028e3c20709", "object_type": 14, "width": 80, "height": 30, "position": [210.0, 75]}, "collidable": true, "destructible": true}], [{"id": "0f6a8ba8-a574-4646-9cfb-8e64c67fec9a", "object_type": 13, "health": 18, "hitbox": {"id": "0f1854b1-bbeb-42b7-989c-4028e3c20709", "object_type": 14, "width": 80, "height": 30, "position": [210.0, 75]}, "collidable": true, "destructible": true}], [{"id": "97cb0595-a68c-4a7f-9b8f-60ef9634f8b6", "object_type": 13, "health": 18, "hitbox": {"id": "d21e0c9a-1788-4cec-bb63-745401f1a35e", "object_type": 14, "width": 30, "height": 100, "position": [290.0, 40]}, "collidable": true, "destructible": true}], [{"id": "97cb0595-a68c-4a7f-9b8f-60ef9634f8b6", "object_type": 13, "health": 18, "hitbox": {"id": "d21e0c9a-1788-4cec-bb63-745401f1a35e", "object_type": 14, "width": 30, "height": 100, "position": [290.0, 40]}, "collidable": true, "destructible": true}], [], [], [], [{"id": "14b47213-169c-4eb8-94c5-17d40e69f5b1", "object_type": 13, "health": 18, "hitbox": {"id": "2d4c51fb-7bad-4974-9d1c-122be3d62f9a", "object_type": 14, "width": 2, "height": 1, "position": [388.0, 66]}, "collidable": true, "destructible": true}, {"id": "02342794-1be0-4174-9042-9b04a1b2d2ad", "object_type": 15, "health": 18, "hitbox": {"id": "c7db6065-10b6-43cc-9ce6-3121118dd3e9", "object_type": 14, "width": 10, "height": 3, "position": [390.0, 67]}, "collidable": true, "opening_speed": 1, "open_state": false}], [{"id": "b667a348-e77d-4857-b557-a8a323d66696", "object_type": 15, "health": 18, "hitbox": {"id": "8f7dbe63-87d8-4d81-8179-2eda7c52aded", "object_type": 14, "width": 10, "height": 3, "position": [418.0, 67]}, "collidable": true, "opening_speed": 1, "open_state": false}], [{"id": "802453af-324b-4f64-81d5-63f8d847a27a", "object_type": 13, "health": 18, "hitbox": {"id": "b657f31a-f431-4801-bb67-0a72634a4cf6", "object_type": 14, "width": 2, "height": 1, "position": [428.0, 66]}, "collidable": true, "destructible": true}], [], [], []], [[], [{"id": "728ec71c-df4e-4467-861e-1aa241c59fcb", "object_type": 13, "health": 18, "hitbox": {"id": "f15e222f-eb94-440c-9715-f5bad937f759", "object_type": 14, "width": 140, "height": 45, "position": [20, 50]}, "collidable": true, "destructible": true}], [{"id": "728ec71c-df4e-4467-861e-1aa241c59fcb", "object_type": 13, "health": 18, "hitbox": {"id": "f15e222f-eb94-440c-9715-f5bad937f759", "object_type": 14, "width": 140, "height": 45, "position": [20, 50]}, "collidable": true, "destructible": true}], [{"id": "728ec71c-df4e-4467-861e-1aa241c59fcb", "object_type": 13, "health": 18, "hitbox": {"id": "f15e222f-eb94-440c-9715-f5bad937f759", "object_type": 14, "width": 140, "height": 45, "position": [20, 50]}, "collidable": true, "destructible": true}], [{"id": "728ec71c-df4e-4467-861e-1aa241c59fcb", "object_type": 13, "health": 18, "hitbox": {"id": "f15e222f-eb94-440c-9715-f5bad937f759", "object_type": 14, "width": 140, "height": 45, "position": [20, 50]}, "collidable": true, "destructible": true}, {"id": "81d9c419-c63d-4f51-bdcd-03f8937f5547", "object_type": 13, "health": 18, "hitbox": {"id": "6eb768b1-85d7-4672-a393-5fa08276d2db", "object_type": 14, "width": 10, "height": 15, "position": [85, 95]}, "collidable": true, "destructible": true}], [{"id": "728ec71c-df4e-4467-861e-1aa241c59fcb", "object_type": 13, "health": 18, "hitbox": {"id": "f15e222f-eb94-440c-9715-f5bad937f759", "object_type": 14, "width": 140, "height": 45, "position": [20, 50]}, "collidable": true, "destructible": true}], [{"id": "728ec71c-df4e-4467-861e-1aa241c59fcb", "object_type": 13, "health": 18, "hitbox": {"id": "f15e222f-eb94-440c-9715-f5bad937f759", "object_type": 14, "width": 140, "height": 45, "position": [20, 50]}, "collidable": true, "destructible": true}], [{"id": "728ec71c-df4e-4467-861e-1aa241c59fcb", "object_type": 13, "health": 18, "hitbox": {"id": "f15e222f-eb94-440c-9715-f5bad937f759", "object_type": 14, "width": 140, "height": 45, "position": [20, 50]}, "collidable": true, "destructible": true}], [], [{"id": "345f8f3d-819d-4e60-9386-638865fdf340", "object_type": 13, "health": 18, "hitbox": {"id": "7a35adca-0386-4730-ad24-bc4d25900832", "object_type": 14, "width": 30, "height": 100, "position": [180.0, 40]}, "collidable": true, "destructible": true}], [{"id": "345f8f3d-819d-4e60-9386-638865fdf340", "object_type": 13, "health": 18, "hitbox": {"id": "7a35adca-0386-4730-ad24-bc4d25900832", "object_type": 14, "width": 30, "height": 100, "position": [180.0, 40]}, "collidable": true, "destructible": true}, {"id": "0f6a8ba8-a574-4646-9cfb-8e64c67fec9a", "object_type": 13, "health": 18, "hitbox": {"id": "0f1854b1-bbeb-42b7-989c-4028e3c20709", "object_type": 14, "width": 80, "height": 30, "position": [210.0, 75]}, "collidable": true, "destructible": true}], [{"id": "0f6a8ba8-a574-4646-9cfb-8e64c67fec9a", "object_type": 13, "health": 18, "hitbox": {"id": "0f1854b1-bbeb-42b7-989c-4028e3c20709", "object_type": 14, "width": 80, "height": 30, "position": [210.0, 75]}, "collidable": true, "destructible": true}], [{"id": "0f6a8ba8-a574-4646-9cfb-8e64c67fec9a", "object_type": 13, "health": 18, "hitbox": {"id": "0f1854b1-bbeb-42b7-989c-4028e3c20709", "object_type": 14, "width": 80, "height": 30, "position": [210.0, 75]}, "collidable": true, "destructible": true}], [{"id": "0f6a8ba8-a574-4646-9cfb-8e64c67fec9a", "object_type": 13, "health": 18, "hitbox": {"id": "0f1854b1-bbeb-42b7-989c-4028e3c20709", "object_type": 14, "width": 80, "height": 30, "position": [210.0, 75]}, "collidable": true, "destructible": true}], [{"id": "97cb0595-a68c-4a7f-9b8f-60ef9634f8b6", "object_type": 13, "health": 18, "hitbox": {"id": "d21e0c9a-1788-4cec-bb63-745401f1a35e", "object_type": 14, "width": 30, "height": 100, "position": [290.0, 40]}, "collidable": true, "destructible": true}], [{"id": "97cb0595-a68c-4a7f-9b8f-60ef9634f8b6", "object_type": 13, "health": 18, "hitbox": {"id": "d21e0c9a-1788-4cec-bb63-745401f1a35e", "object_type": 14, "width": 30, "height": 100, "position": [290.0, 40]}, "collidable": true, "destructible": true}], [], [], [{"id": "f32ccb93-e359-4f25-8e27-2df3f3d1eda5", "object_type": 13, "health": 18, "hitbox": {"id": "c6c8e036-f0a2-471c-97a5-4b084420bfeb", "object_type": 14, "width": 18, "height": 18, "position": [370.0, 80]}, "collidable": true, "destructible": true}], [], [{"id": "fa7a6631-f4b1-4a56-815b-fa9a2917a4cf", "object_type": 13, "health": 18, "hitbox": {"id": "ea897edc-7a7a-45b0-890f-f1fa56bdb682", "object_type": 14, "width": 18, "height": 18, "position": [400.0, 80]}, "collidable": true, "destructible": true}, {"id": "5b3729c6-e929-4257-9381-10dc6d8a4450", "object_type": 13, "health": 18, "hitbox": {"id": "95aa5cf9-3a78-401a-85c3-72fcfc277ab7", "object_type": 14, "width": 2, "height": 1, "position": [400.0, 98]}, "collidable": true, "destructible": true}], [{"id": "bf1e2612-dfd2-4a09-889d-0bb411688e84", "object_type": 13, "health": 18, "hitbox": {"id": "35fc0abb-7940-421a-808e-1aa370c1dd23", "object_type": 14, "width": 18, "height": 18, "position": [430.0, 80]}, "collidable": true, "destructible": true}], [], [], []], [[], [], [], [], [{"id": "6f5e01df-dddc-4ed0-a7d4-4d2434398b09", "object_type": 15, "health": 18, "hitbox": {"id": "583c33ff-4284-4b37-b789-782fcd19643f", "object_type": 14, "width": 3, "height": 10, "position": [90, 100]}, "collidable": true, "opening_speed": 1, "open_state": false}], [], [], [], [], [{"id": "345f8f3d-819d-4e60-9386-638865fdf340", "object_type": 13, "health": 18, "hitbox": {"id": "7a35adca-0386-4730-ad24-bc4d25900832", "object_type": 14, "width": 30, "height": 100, "position": [180.0, 40]}, "collidable": true, "destructible": true}], [{"id": "345f8f3d-819d-4e60-9386-638865fdf340", "object_type": 13, "health": 18, "hitbox": {"id": "7a35adca-0386-4730-ad24-bc4d25900832", "object_type": 14, "width": 30, "height": 100, "position": [180.0, 40]}, "collidable": true, "destructible": true}], [], [], [], [{"id": "97cb0595-a68c-4a7f-9b8f-60ef9634f8b6", "object_type": 13, "health": 18, "hitbox": {"id": "d21e0c9a-1788-4cec-bb63-745401f1a35e", "object_type": 14, "width": 30, "height": 100, "position": [290.0, 40]}, "collidable": true, "destructible": true}], [{"id": "97cb0595-a68c-4a7f-9b8f-60ef9634f8b6", "object_type": 13, "health": 18, "hitbox": {"id": "d21e0c9a-1788-4cec-bb63-745401f1a35e", "object_type": 14, "width": 30, "height": 100, "position": [290.0, 40]}, "collidable": true, "destructible": true}], [], [], [{"id": "aa42a0e0-088b-4c1a-b5c7-86654ec27f0e", "object_type": 13, "health": 18, "hitbox": {"id": "a2f003fd-b8eb-4b20-97ce-b5dfd3e85af6", "object_type": 14, "width": 18, "height": 18, "position": [370.0, 110]}, "collidable": true, "destructible": true}, {"id": "5cc33237-906c-4fba-b815-8ef92bfc31c5", "object_type": 18, "health": 2022, "hitbox": {"id": "b026b84f-3592-4dd0-94ff-42652a300858", "object_type": 14, "width": 5, "height": 5, "position": [362.78777838686085, 105.44314748826605]}, "collidable": false, "amount": 35}], [], [{"id": "fa36e3bd-de64-44c7-afb3-e2d19d4f9219", "object_type": 13, "health": 18, "hitbox": {"id": "078c7d1e-fc85-47ff-9c74-2e5a317bcc92", "object_type": 14, "width": 18, "height": 18, "position": [400.0, 110]}, "collidable": true, "destructible": true}, {"id": "97b69734-1997-4641-a193-192125b18db5", "object_type": 15, "health": 18, "hitbox": {"id": "bbed9fd1-2daa-444e-b5ea-123b04e8ec4f", "object_type": 14, "width": 3, "height": 10, "position": [401.0, 100]}, "collidable": true, "opening_speed": 1, "open_state": false}], [{"id": "ac5c35fb-8c7c-4992-9b4f-7659fe7dd3d3", "object_type": 13, "health": 18, "hitbox": {"id": "25e48032-5553-41bb-a3ac-bdf63e21bf5c", "object_type": 14, "width": 18, "height": 18, "position": [430.0, 110]}, "collidable": true, "destructible": true}], [{"id": "9f23a779-a835-4c76-8f37-34368da39676", "object_type": 13, "health": 18, "hitbox": {"id": "e5c77df5-eb70-4d6d-ad9d-3883c6ce9af4", "object_type": 14, "width": 2, "height": 1, "position": [446.0, 108]}, "collidable": true, "destructible": false}, {"id": "e9f23e58-af8b-4c5e-804a-2e127a339a69", "object_type": 15, "health": 18, "hitbox": {"id": "b3c53c3a-a22c-490e-bdf1-41d0496aeaeb", "object_type": 14, "width": 3, "height": 10, "position": [446.0, 108]}, "collidable": true, "opening_speed": 1, "open_state": false}], [], []], [[], [{"id": "ee43a58a-caa5-4286-884b-ae1e790cdc9a", "object_type": 13, "health": 18, "hitbox": {"id": "48a58109-6c29-4de8-a8d8-b1baf3b3c0cc", "object_type": 14, "width": 140, "height": 10, "position": [20, 120]}, "collidable": true, "destructible": true}], [{"id": "ee43a58a-caa5-4286-884b-ae1e790cdc9a", "object_type": 13, "health": 18, "hitbox": {"id": "48a58109-6c29-4de8-a8d8-b1baf3b3c0cc", "object_type": 14, "width": 140, "height": 10, "position": [20, 120]}, "collidable": true, "destructible": true}], [{"id": "ee43a58a-caa5-4286-884b-ae1e790cdc9a", "object_type": 13, "health": 18, "hitbox": {"id": "48a58109-6c29-4de8-a8d8-b1baf3b3c0cc", "object_type": 14, "width": 140, "height": 10, "position": [20, 120]}, "collidable": true, "destructible": true}], [{"id": "ee43a58a-caa5-4286-884b-ae1e790cdc9a", "object_type": 13, "health": 18, "hitbox": {"id": "48a58109-6c29-4de8-a8d8-b1baf3b3c0cc", "object_type": 14, "width": 140, "height": 10, "position": [20, 120]}, "collidable": true, "destructible": true}, {"id": "418e33c0-f97b-451a-abc6-b405cc46b828", "object_type": 15, "health": 18, "hitbox": {"id": "3343bc92-b59c-48ff-a1e8-7a50a4484df6", "object_type": 14, "width": 3, "height": 10, "position": [90, 130]}, "collidable": true, "opening_speed": 1, "open_state": false}], [{"id": "ee43a58a-caa5-4286-884b-ae1e790cdc9a", "object_type": 13, "health": 18, "hitbox": {"id": "48a58109-6c29-4de8-a8d8-b1baf3b3c0cc", "object_type": 14, "width": 140, "height": 10, "position": [20, 120]}, "collidable": true, "destructible": true}], [{"id": "ee43a58a-caa5-4286-884b-ae1e790cdc9a", "object_type": 13, "health": 18, "hitbox": {"id": "48a58109-6c29-4de8-a8d8-b1baf3b3c0cc", "object_type": 14, "width": 140, "height": 10, "position": [20, 120]}, "collidable": true, "destructible": true}], [{"id": "ee43a58a-caa5-4286-884b-ae1e790cdc9a", "object_type": 13, "health": 18, "hitbox": {"id": "48a58109-6c29-4de8-a8d8-b1baf3b3c0cc", "object_type": 14, "width": 140, "height": 10, "position": [20, 120]}, "collidable": true, "destructible": true}], [], [{"id": "345f8f3d-819d-4e60-9386-638865fdf340", "object_type": 13, "health": 18, "hitbox": {"id": "7a35adca-0386-4730-ad24-bc4d25900832", "object_type": 14, "width": 30, "height": 100, "position": [180.0, 40]}, "collidable": true, "destructible": true}], [{"id": "345f8f3d-819d-4e60-9386-638865fdf340", "object_type": 13, "health": 18, "hitbox": {"id": "7a35adca-0386-4730-ad24-bc4d25900832", "object_type": 14, "width": 30, "height": 100, "position": [180.0, 40]}, "collidable": true, "destructible": true}], [], [], [{"id": "0d8199bb-18cb-46b6-bc1c-da8b65134c86", "object_type": 16, "health": 5, "hitbox": {"id": "254a773b-98e5-4e12-a1c0-35ff98feb6d8", "object_type": 14, "width": 5, "height": 5, "position": [264.5240909581617, 124.8430858187892]}, "collidable": false, "upgrade_enum": 2, "movement_enum": null, "sight_enum": null}], [{"id": "97cb0595-a68c-4a7f-9b8f-60ef9634f8b6", "object_type": 13, "health": 18, "hitbox": {"id": "d21e0c9a-1788-4cec-bb63-745401f1a35e", "object_type": 14, "width": 30, "height": 100, "position": [290.0, 40]}, "collidable": true, "destructible": true}], [{"id": "97cb0595-a68c-4a7f-9b8f-60ef9634f8b6", "object_type": 13, "health": 18, "hitbox": {"id": "d21e0c9a-1788-4cec-bb63-745401f1a35e", "object_type": 14, "width": 30, "height": 100, "position": [290.0, 40]}, "collidable": true, "destructible": true}], [], [], [], [], [], [], [], [], []], [[], [], [], [{"id": "0e96b51e-2693-4437-b5d3-1a4a0b4b3483", "object_type": 13, "health": 18, "hitbox": {"id": "db85ef32-123b-4c76-8d2f-d09412bb594a", "object_type": 14, "width": 40, "height": 20, "position": [70, 140]}, "collidable": true, "destructible": true}], [{"id": "0e96b51e-2693-4437-b5d3-1a4a0b4b3483", "object_type": 13, "health": 18, "hitbox": {"id": "db85ef32-123b-4c76-8d2f-d09412bb594a", "object_type": 14, "width": 40, "height": 20, "position": [70, 140]}, "collidable": true, "destructible": true}], [], [{"id": "e25aed6c-29fe-44d5-9cd7-6a618cbc366f", "object_type": 18, "health": 2022, "hitbox": {"id": "778f17aa-d49b-4203-b714-5f6f9f48d81c", "object_type": 14, "width": 5, "height": 5, "position": [127.20316345129211, 159.53819939382032]}, "collidable": false, "amount": 31}], [], [{"id": "ee49854c-cae7-4a52-8d26-aa4ceaec519e", "object_type": 18, "health": 2022, "hitbox": {"id": "8a00ad4c-4149-4ebc-a32e-62265208a047", "object_type": 14, "width": 5, "height": 5, "position": [164.30941840299664, 159.12528073164563]}, "collidable": false, "amount": 31}], [], [{"id": "43faddcf-f596-45f7-82e8-18e72514dd0a", "object_type": 12, "health": null, "hitbox": {"id": "e23cd8df-1e1a-486e-9365-0a6271acc7e9", "object_type": 14, "width": 5, "height": 5, "position": [209.76262562321602, 153.70231180749607]}, "collidable": false, "gun_type": 3, "level": 1, "pattern": 3, "damage": 10, "fire_rate": 4, "range": 10, "mag_size": 2}], [], [{"id": "c9ba5481-191b-4493-b3f5-77aecaf1074e", "object_type": 12, "health": null, "hitbox": {"id": "f35ad0ee-f2dd-48a7-8c2f-773d4cf508a9", "object_type": 14, "width": 5, "height": 5, "position": [240.9910077675646, 156.24001013141626]}, "collidable": false, "gun_type": 2, "level": 1, "pattern": 2, "damage": 15, "fire_rate": 3, "range": 50, "mag_size": 12}, {"id": "911d5259-cdcd-43de-8497-5a2a8c7d0d76", "object_type": 12, "health": null, "hitbox": {"id": "9afde84d-1926-4c05-b014-d5684ce70a5b", "object_type": 14, "width": 5, "height": 5, "position": [252.67200329571827, 147.97209447567315]}, "collidable": false, "gun_type": 1, "level": 1, "pattern": 1, "damage": 25, "fire_rate": 0, "range": 30, "mag_size": 5}], [], [{"id": "5452fd3b-b335-4c8b-a553-c57c7d5417e1", "object_type": 12, "health": null, "hitbox": {"id": "6146ab4f-294d-46d5-95e4-6c0f8f415c58", "object_type": 14, "width": 5, "height": 5, "position": [289.58392989934805, 149.23905415127498]}, "collidable": false, "gun_type": 2, "level": 1, "pattern": 2, "damage": 15, "fire_rate": 3, "range": 50, "mag_size": 12}], [{"id": "a863013f-91a8-4baa-9e5f-b5f30de3908b", "object_type": 12, "health": null, "hitbox": {"id": "5b1b5b44-f688-46ca-9e8e-eedcf4facac8", "object_type": 14, "width": 5, "height": 5, "position": [303.53369084291023, 159.9587576673628]}, "collidable": false, "gun_type": 4, "level": 1, "pattern": 1, "damage": 50, "fire_rate": 0, "range": 100, "mag_size": 1}], [], [{"id": "49ba56e7-b25d-4035-b2df-485251c8d197", "object_type": 18, "health": 2022, "hitbox": {"id": "27cb36d2-b2f3-4eea-8964-f1941ee5cb0d", "object_type": 14, "width": 5, "height": 5, "position": [352.6426690725061, 146.83721988420373]}, "collidable": false, "amount": 44}, {"id": "74c5b3cc-60ef-47e8-9fe0-32ce8d2237ca", "object_type": 12, "health": null, "hitbox": {"id": "cf065044-d36a-4620-bc15-69477b164b32", "object_type": 14, "width": 5, "height": 5, "position": [342.0805100609046, 148.2061876001019]}, "collidable": false, "gun_type": 1, "level": 1, "pattern": 1, "damage": 25, "fire_rate": 0, "range": 30, "mag_size": 5}], [], [], [{"id": "8c64cbca-6f6f-4dec-a5c5-0bc3ccfb933b", "object_type": 12, "health": null, "hitbox": {"id": "53d8f327-b490-48e6-a495-56e95d4c1228", "object_type": 14, "width": 5, "height": 5, "position": [411.35930707136924, 152.89344162011676]}, "collidable": false, "gun_type": 1, "level": 1, "pattern": 1, "damage": 25, "fire_rate": 0, "range": 30, "mag_size": 5}], [], [], [], []], [[], [], [], [], [], [], [], [{"id": "595b2bd5-3099-474a-bb72-9b19adcb1c10", "object_type": 16, "health": 5, "hitbox": {"id": "98af9e81-048d-46cf-9c29-ada2d5a4d343", "object_type": 14, "width": 5, "height": 5, "position": [144.24789074056002, 179.1654844724597]}, "collidable": false, "upgrade_enum": 3, "movement_enum": null, "sight_enum": null}], [{"id": "9a5b349e-0a57-444f-80a8-dffd66017ce0", "object_type": 19, "health": 10, "hitbox": {"id": "108e5c52-6b22-4fe5-a774-d24d9801fd4f", "object_type": 14, "width": 10, "height": 10, "position": [178, 174]}, "collidable": false, "turn_cooldown": 5, "countdown": 5}], [], [{"id": "3a930dac-506c-4b7d-825b-7f1ebbf23b89", "object_type": 16, "health": 5, "hitbox": {"id": "810bfc00-4d7a-4343-ba04-8570c9f94a50", "object_type": 14, "width": 5, "height": 5, "position": [203.34025907605104, 176.83304603116136]}, "collidable": false, "upgrade_enum": 3, "movement_enum": null, "sight_enum": null}], [], [], [], [{"id": "24f1f147-70b6-463d-9be4-b382f33d391a", "object_type": 18, "health": 2022, "hitbox": {"id": "ccf1930f-c5b2-43e9-9fa6-b8076a411f55", "object_type": 14, "width": 5, "height": 5, "position": [298.6255187253077, 179.44930036811257]}, "collidable": false, "amount": 32}], [], [], [], [], [], [], [], [], [], []], [[{"id": "9bdef8f7-4e40-4a5c-ab2d-fbc64da9484d", "object_type": 19, "health": 10, "hitbox": {"id": "7c423482-d252-46e6-89ea-30f209e7ec20", "object_type": 14, "width": 10, "height": 10, "position": [15, 180]}, "collidable": false, "turn_cooldown": 5, "countdown": 5}], [], [], [{"id": "664f70b2-cf14-4ed3-9359-d4c6b232b9cb", "object_type": 13, "health": 18, "hitbox": {"id": "42ef9097-f9c2-41c9-bf7c-13ffa045fd4c", "object_type": 14, "width": 40, "height": 140, "position": [60, 180.0]}, "collidable": true, "destructible": true}], [{"id": "664f70b2-cf14-4ed3-9359-d4c6b232b9cb", "object_type": 13, "health": 18, "hitbox": {"id": "42ef9097-f9c2-41c9-bf7c-13ffa045fd4c", "object_type": 14, "width": 40, "height": 140, "position": [60, 180.0]}, "collidable": true, "destructible": true}], [], [], [{"id": "ffd913a2-0234-41e9-80fa-9f7bdac8a21c", "object_type": 18, "health": 2022, "hitbox": {"id": "7ae7882c-0df2-4074-9439-5a795c84ed9e", "object_type": 14, "width": 5, "height": 5, "position": [156.245440705248, 184.0179670953175]}, "collidable": false, "amount": 30}], [], [], [], [{"id": "6b88bceb-eda4-456e-9c35-583b4c82052e", "object_type": 18, "health": 2022, "hitbox": {"id": "9f10cddd-ea09-40b9-ad9c-12f32d4f123b", "object_type": 14, "width": 5, "height": 5, "position": [225.00373125007974, 187.51600425491247]}, "collidable": false, "amount": 29}, {"id": "8008f796-9093-44fd-aeb5-d6ff2a1dabc8", "object_type": 18, "health": 2022, "hitbox": {"id": "4c61085a-5e78-4641-82fa-05435d60a084", "object_type": 14, "width": 5, "height": 5, "position": [239.00430410483082, 187.92446063032997]}, "collidable": false, "amount": 37}], [{"id": "cceeb384-0465-4871-8276-6e8aefa16e53", "object_type": 18, "health": 2022, "hitbox": {"id": "87d9bdad-44d3-41ee-b7b3-c0c93c25c8f4", "object_type": 14, "width": 5, "height": 5, "position": [257.8493316860636, 183.35384271876063]}, "collidable": false, "amount": 38}, {"id": "50880660-4777-472f-a63e-1d1762726b9c", "object_type": 18, "health": 2022, "hitbox": {"id": "fd180a72-d09a-4f59-8ce4-e1a75549d02e", "object_type": 14, "width": 5, "height": 5, "position": [251.79857599501642, 188.51091807102412]}, "collidable": false, "amount": 41}], [], [], [], [{"id": "665e9f79-0ef0-45f5-b433-cebd3f9714c3", "object_type": 18, "health": 2022, "hitbox": {"id": "7ebed20f-0556-4df3-acd4-95ebb4658d0b", "object_type": 14, "width": 5, "height": 5, "position": [331.5068915712685, 186.3301772199654]}, "collidable": false, "amount": 50}, {"id": "5ae9d607-419e-40d9-b34a-9e43e96c8953", "object_type": 12, "health": null, "hitbox": {"id": "5cbdc7d1-5a80-40bf-b9e6-48c73b9cfc14", "object_type": 14, "width": 5, "height": 5, "position": [326.3471390981265, 185.91646716357218]}, "collidable": false, "gun_type": 2, "level": 1, "pattern": 2, "damage": 15, "fire_rate": 3, "range": 50, "mag_size": 12}], [{"id": "a9228c3a-fcaf-4e75-b1f0-683bb013fd86", "object_type": 13, "health": 18, "hitbox": {"id": "b6184b54-b5f0-4c61-b5ad-bf4abb3071e0", "object_type": 14, "width": 28, "height": 28, "position": [340.0, 180.0]}, "collidable": true, "destructible": true}], [{"id": "a9228c3a-fcaf-4e75-b1f0-683bb013fd86", "object_type": 13, "health": 18, "hitbox": {"id": "b6184b54-b5f0-4c61-b5ad-bf4abb3071e0", "object_type": 14, "width": 28, "height": 28, "position": [340.0, 180.0]}, "collidable": true, "destructible": true}], [], [], [], [{"id": "c4cf4952-70f2-4f27-96ba-40c68fa36af1", "object_type": 13, "health": 18, "hitbox": {"id": "a5702e3b-930a-4a93-adc1-f70ca1f8b047", "object_type": 14, "width": 28, "height": 28, "position": [452.0, 180.0]}, "collidable": true, "destructible": true}], [{"id": "c4cf4952-70f2-4f27-96ba-40c68fa36af1", "object_type": 13, "health": 18, "hitbox": {"id": "a5702e3b-930a-4a93-adc1-f70ca1f8b047", "object_type": 14, "width": 28, "height": 28, "position": [452.0, 180.0]}, "collidable": true, "destructible": true}], []], [[], [], [], [{"id": "664f70b2-cf14-4ed3-9359-d4c6b232b9cb", "object_type": 13, "health": 18, "hitbox": {"id": "42ef9097-f9c2-41c9-bf7c-13ffa045fd4c", "object_type": 14, "width": 40, "height": 140, "position": [60, 180.0]}, "collidable": true, "destructible": true}], [{"id": "664f70b2-cf14-4ed3-9359-d4c6b232b9cb", "object_type": 13, "health": 18, "hitbox": {"id": "42ef9097-f9c2-41c9-bf7c-13ffa045fd4c", "object_type": 14, "width": 40, "height": 140, "position": [60, 180.0]}, "collidable": true, "destructible": true}], [], [], [], [{"id": "23deb7a9-eb14-4bfe-9a4d-bea815daed76", "object_type": 16, "health": 5, "hitbox": {"id": "f23b3346-a3d7-4373-a24d-109d9cb77087", "object_type": 14, "width": 5, "height": 5, "position": [164.2051948365015, 217.75080587920763]}, "collidable": false, "upgrade_enum": 3, "movement_enum": null, "sight_enum": null}], [], [], [], [], [{"id": "8e78fcbb-00ec-4a9b-ad3c-59a9d6e0f1e6", "object_type": 12, "health": null, "hitbox": {"id": "2a8f027c-e0ed-4134-b925-5ad5c63356bf", "object_type": 14, "width": 5, "height": 5, "position": [270.59648573999567, 217.0990145357935]}, "collidable": false, "gun_type": 4, "level": 1, "pattern": 1, "damage": 50, "fire_rate": 0, "range": 100, "mag_size": 1}, {"id": "a1c2aed9-1b66-4fe3-b420-ef058cd69646", "object_type": 18, "health": 2022, "hitbox": {"id": "c49ce755-0e75-480c-bfe7-706834c952e4", "object_type": 14, "width": 5, "height": 5, "position": [278.6398574955942, 207.22945953392392]}, "collidable": false, "amount": 36}, {"id": "12ab86f0-d663-48c0-8fec-3266ebc3a8e1", "object_type": 12, "health": null, "hitbox": {"id": "1aec07d8-4f5d-4ae6-9e69-8bc3ba707881", "object_type": 14, "width": 5, "height": 5, "position": [265.0884112967783, 202.66687657976277]}, "collidable": false, "gun_type": 2, "level": 1, "pattern": 2, "damage": 15, "fire_rate": 3, "range": 50, "mag_size": 12}], [{"id": "9265ffcd-2d1d-4ac8-8b77-113049443c8b", "object_type": 18, "health": 2022, "hitbox": {"id": "53756589-72b2-4564-a967-d47b411d616f", "object_type": 14, "width": 5, "height": 5, "position": [285.2903472670174, 214.11839467164356]}, "collidable": false, "amount": 38}], [{"id": "ac8fb20b-73b7-47ed-ae71-cddf62005bd5", "object_type": 18, "health": 2022, "hitbox": {"id": "c15d6638-c8ef-435a-b740-2841e023a8d7", "object_type": 14, "width": 5, "height": 5, "position": [316.8293273037856, 204.75583892232842]}, "collidable": false, "amount": 36}], [{"id": "38998b09-408d-44cc-b59c-1c4c127cffa7", "object_type": 18, "health": 2022, "hitbox": {"id": "96620ea1-07b0-402b-b4a9-563a46b44be1", "object_type": 14, "width": 5, "height": 5, "position": [334.52393089833316, 217.88160977148348]}, "collidable": false, "amount": 36}, {"id": "8c75c490-364e-4bde-958a-28f82aa766da", "object_type": 18, "health": 2022, "hitbox": {"id": "f7bdf39d-e841-4ad4-b0e5-594df7a35c8f", "object_type": 14, "width": 5, "height": 5, "position": [332.62883646188936, 200.49173857260735]}, "collidable": false, "amount": 28}], [{"id": "a9228c3a-fcaf-4e75-b1f0-683bb013fd86", "object_type": 13, "health": 18, "hitbox": {"id": "b6184b54-b5f0-4c61-b5ad-bf4abb3071e0", "object_type": 14, "width": 28, "height": 28, "position": [340.0, 180.0]}, "collidable": true, "destructible": true}, {"id": "dfba5072-39eb-4588-abcc-ad71ea5597b5", "object_type": 16, "health": 5, "hitbox": {"id": "b2aa8be0-2806-4a65-a710-99476f0e5bff", "object_type": 14, "width": 5, "height": 5, "position": [349.6225236284758, 218.88813324023906]}, "collidable": false, "upgrade_enum": 3, "movement_enum": null, "sight_enum": null}], [{"id": "a9228c3a-fcaf-4e75-b1f0-683bb013fd86", "object_type": 13, "health": 18, "hitbox": {"id": "b6184b54-b5f0-4c61-b5ad-bf4abb3071e0", "object_type": 14, "width": 28, "height": 28, "position": [340.0, 180.0]}, "collidable": true, "destructible": true}, {"id": "eef2eaec-126e-4ab7-aea6-ad96b970f81a", "object_type": 13, "health": 18, "hitbox": {"id": "c0409184-1e1c-4233-a303-6516dc0fd6ac", "object_type": 14, "width": 28, "height": 28, "position": [368.0, 208.0]}, "collidable": true, "destructible": true}], [{"id": "eef2eaec-126e-4ab7-aea6-ad96b970f81a", "object_type": 13, "health": 18, "hitbox": {"id": "c0409184-1e1c-4233-a303-6516dc0fd6ac", "object_type": 14, "width": 28, "height": 28, "position": [368.0, 208.0]}, "collidable": true, "destructible": true}], [{"id": "7f127061-3deb-4b9e-99c3-9738e5acd1ab", "object_type": 18, "health": 2022, "hitbox": {"id": "76d10926-e0f3-4495-b6b5-45385f74ce36", "object_type": 14, "width": 5, "height": 5, "position": [403.10935257098686, 217.77093815209352]}, "collidable": false, "amount": 43}], [{"id": "4bfcb316-07a6-4913-a708-3884a119e922", "object_type": 13, "health": 18, "hitbox": {"id": "7a51fdad-5f91-4e01-a3b8-9e6a9765c6d2", "object_type": 14, "width": 28, "height": 28, "position": [424.0, 208.0]}, "collidable": true, "destructible": true}], [{"id": "c4cf4952-70f2-4f27-96ba-40c68fa36af1", "object_type": 13, "health": 18, "hitbox": {"id": "a5702e3b-930a-4a93-adc1-f70ca1f8b047", "object_type": 14, "width": 28, "height": 28, "position": [452.0, 180.0]}, "collidable": true, "destructible": true}, {"id": "4bfcb316-07a6-4913-a708-3884a119e922", "object_type": 13, "health": 18, "hitbox": {"id": "7a51fdad-5f91-4e01-a3b8-9e6a9765c6d2", "object_type": 14, "width": 28, "height": 28, "position": [424.0, 208.0]}, "collidable": true, "destructible": true}], [{"id": "c4cf4952-70f2-4f27-96ba-40c68fa36af1", "object_type": 13, "health": 18, "hitbox": {"id": "a5702e3b-930a-4a93-adc1-f70ca1f8b047", "object_type": 14, "width": 28, "height": 28, "position": [452.0, 180.0]}, "collidable": true, "destructible": true}], []], [[], [{"id": "e4140ac2-113d-492c-a08d-2491de483bdc", "object_type": 13, "health": 18, "hitbox": {"id": "551c917f-c7e3-4f57-be2b-5d7a89b987ec", "object_type": 14, "width": 50, "height": 40, "position": [20, 230.0]}, "collidable": true, "destructible": true}], [{"id": "e4140ac2-113d-492c-a08d-2491de483bdc", "object_type": 13, "health": 18, "hitbox": {"id": "551c917f-c7e3-4f57-be2b-5d7a89b987ec", "object_type": 14, "width": 50, "height": 40, "position": [20, 230.0]}, "collidable": true, "destructible": true}], [{"id": "e4140ac2-113d-492c-a08d-2491de483bdc", "object_type": 13, "health": 18, "hitbox": {"id": "551c917f-c7e3-4f57-be2b-5d7a89b987ec", "object_type": 14, "width": 50, "height": 40, "position": [20, 230.0]}, "collidable": true, "destructible": true}, {"id": "664f70b2-cf14-4ed3-9359-d4c6b232b9cb", "object_type": 13, "health": 18, "hitbox": {"id": "42ef9097-f9c2-41c9-bf7c-13ffa045fd4c", "object_type": 14, "width": 40, "height": 140, "position": [60, 180.0]}, "collidable": true, "destructible": true}], [{"id": "664f70b2-cf14-4ed3-9359-d4c6b232b9cb", "object_type": 13, "health": 18, "hitbox": {"id": "42ef9097-f9c2-41c9-bf7c-13ffa045fd4c", "object_type": 14, "width": 40, "height": 140, "position": [60, 180.0]}, "collidable": true, "destructible": true}], [{"id": "7ea73515-9c79-43e1-92ae-13895296f804", "object_type": 18, "health": 2022, "hitbox": {"id": "074f9b8e-958a-4edc-96e9-0c885b87c362", "object_type": 14, "width": 5, "height": 5, "position": [119.79371648959403, 223.07707294522115]}, "collidable": false, "amount": 27}, {"id": "6e78aeb0-3525-49c1-933c-a791ba43d85c", "object_type": 12, "health": null, "hitbox": {"id": "09bffa8e-f764-4ad0-984c-5e8ab59c99d2", "object_type": 14, "width": 5, "height": 5, "position": [113.18377657869021, 223.85880720267772]}, "collidable": false, "gun_type": 2, "level": 1, "pattern": 2, "damage": 15, "fire_rate": 3, "range": 50, "mag_size": 12}], [{"id": "716a03df-91f9-40ee-af09-05f87cad28d7", "object_type": 13, "health": 18, "hitbox": {"id": "5d7a8cd1-dee2-41e6-a856-486b525a0044", "object_type": 14, "width": 50, "height": 40, "position": [120, 230.0]}, "collidable": true, "destructible": true}], [{"id": "716a03df-91f9-40ee-af09-05f87cad28d7", "object_type": 13, "health": 18, "hitbox": {"id": "5d7a8cd1-dee2-41e6-a856-486b525a0044", "object_type": 14, "width": 50, "height": 40, "position": [120, 230.0]}, "collidable": true, "destructible": true}], [{"id": "716a03df-91f9-40ee-af09-05f87cad28d7", "object_type": 13, "health": 18, "hitbox": {"id": "5d7a8cd1-dee2-41e6-a856-486b525a0044", "object_type": 14, "width": 50, "height": 40, "position": [120, 230.0]}, "collidable": true, "destructible": true}], [{"id": "38ba4d9f-799a-411c-b4a5-2cabe36530d5", "object_type": 12, "health": null, "hitbox": {"id": "ff22237a-d4c5-4201-9be8-64c08dccdb90", "object_type": 14, "width": 5, "height": 5, "position": [189.4465301929001, 233.07505471881092]}, "collidable": false, "gun_type": 1, "level": 1, "pattern": 1, "damage": 25, "fire_rate": 0, "range": 30, "mag_size": 5}], [{"id": "9fa94c6b-b25b-4d2c-a1b6-e12eac98cf03", "object_type": 18, "health": 2022, "hitbox": {"id": "773f6ca9-b24c-49e0-a6db-e8b72a4b7742", "object_type": 14, "width": 5, "height": 5, "position": [200.09198192062158, 225.97264197654758]}, "collidable": false, "amount": 43}, {"id": "28caa985-6d7d-450f-b324-487b865c7de8", "object_type": 12, "health": null, "hitbox": {"id": "e74529d1-d566-4253-98b7-ea867458b8a7", "object_type": 14, "width": 5, "height": 5, "position": [216.10520806625226, 239.6296041034333]}, "collidable": false, "gun_type": 2, "level": 1, "pattern": 2, "damage": 15, "fire_rate": 3, "range": 50, "mag_size": 12}], [], [{"id": "3ca09cb4-216e-4460-8eed-4c45de1c875c", "object_type": 16, "health": 5, "hitbox": {"id": "7a6ba4e0-ab0b-4903-8628-bac58323ae95", "object_type": 14, "width": 5, "height": 5, "position": [242.58863940779796, 227.7568162443175]}, "collidable": false, "upgrade_enum": 3, "movement_enum": null, "sight_enum": null}], [], [{"id": "a111dd14-6e20-4503-8cf4-5519a4d6df87", "object_type": 18, "health": 2022, "hitbox": {"id": "f9e9d1de-5d1f-496c-8f1d-1ad3b411a3ef", "object_type": 14, "width": 5, "height": 5, "position": [281.646115686034, 239.38087163648922]}, "collidable": false, "amount": 37}], [], [{"id": "0100450f-56fb-4de4-b1d8-65d3e9b77fa0", "object_type": 12, "health": null, "hitbox": {"id": "daf2a3cc-6a9a-4d0e-be9b-cc225f5cedd6", "object_type": 14, "width": 5, "height": 5, "position": [330.66469855150547, 232.8618593594543]}, "collidable": false, "gun_type": 3, "level": 1, "pattern": 3, "damage": 10, "fire_rate": 4, "range": 10, "mag_size": 2}], [{"id": "c24ba1f4-bcc0-4f9f-8767-650e86ffc062", "object_type": 16, "health": 5, "hitbox": {"id": "fddac69b-2e3e-48cd-9869-317013fe93cf", "object_type": 14, "width": 5, "height": 5, "position": [340.5953881000986, 220.59609947686215]}, "collidable": false, "upgrade_enum": 2, "movement_enum": null, "sight_enum": null}], [{"id": "eef2eaec-126e-4ab7-aea6-ad96b970f81a", "object_type": 13, "health": 18, "hitbox": {"id": "c0409184-1e1c-4233-a303-6516dc0fd6ac", "object_type": 14, "width": 28, "height": 28, "position": [368.0, 208.0]}, "collidable": true, "destructible": true}], [{"id": "eef2eaec-126e-4ab7-aea6-ad96b970f81a", "object_type": 13, "health": 18, "hitbox": {"id": "c0409184-1e1c-4233-a303-6516dc0fd6ac", "object_type": 14, "width": 28, "height": 28, "position": [368.0, 208.0]}, "collidable": true, "destructible": true}, {"id": "cdeb8234-d949-4534-b9a3-84832403f2aa", "object_type": 13, "health": 18, "hitbox": {"id": "68b5c646-83d7-4f21-aca9-08c3fecddb78", "object_type": 14, "width": 9, "height": 10, "position": [396.0, 222.0]}, "collidable": true, "destructible": true}, {"id": "473e287e-2f40-4146-98e3-b7ab9ebf9f30", "object_type": 12, "health": null, "hitbox": {"id": "e3c5b5d8-b57b-4c78-a8f9-82b6515ab162", "object_type": 14, "width": 5, "height": 5, "position": [389.5627304325721, 239.6413854013515]}, "collidable": false, "gun_type": 2, "level": 1, "pattern": 2, "damage": 15, "fire_rate": 3, "range": 50, "mag_size": 12}], [{"id": "c50bddfd-affc-44fb-80da-df6594b1d3aa", "object_type": 13, "health": 18, "hitbox": {"id": "765c9559-21ec-4225-9901-ef2aa2e17a6a", "object_type": 14, "width": 9, "height": 10, "position": [418.0, 222.0]}, "collidable": true, "destructible": true}, {"id": "8250925e-a378-40c2-86bb-eb488808e9cd", "object_type": 15, "health": 18, "hitbox": {"id": "c93347d3-2a8f-4ef7-be35-0b22ec4145fe", "object_type": 14, "width": 10, "height": 3, "position": [405.0, 223.0]}, "collidable": true, "opening_speed": 1, "open_state": false}], [{"id": "4bfcb316-07a6-4913-a708-3884a119e922", "object_type": 13, "health": 18, "hitbox": {"id": "7a51fdad-5f91-4e01-a3b8-9e6a9765c6d2", "object_type": 14, "width": 28, "height": 28, "position": [424.0, 208.0]}, "collidable": true, "destructible": true}], [{"id": "4bfcb316-07a6-4913-a708-3884a119e922", "object_type": 13, "health": 18, "hitbox": {"id": "7a51fdad-5f91-4e01-a3b8-9e6a9765c6d2", "object_type": 14, "width": 28, "height": 28, "position": [424.0, 208.0]}, "collidable": true, "destructible": true}], [], []], [[], [{"id": "e4140ac2-113d-492c-a08d-2491de483bdc", "object_type": 13, "health": 18, "hitbox": {"id": "551c917f-c7e3-4f57-be2b-5d7a89b987ec", "object_type": 14, "width": 50, "height": 40, "position": [20, 230.0]}, "collidable": true, "destructible": true}], [{"id": "e4140ac2-113d-492c-a08d-2491de483bdc", "object_type": 13, "health": 18, "hitbox": {"id": "551c917f-c7e3-4f57-be2b-5d7a89b987ec", "object_type": 14, "width": 50, "height": 40, "position": [20, 230.0]}, "collidable": true, "destructible": true}], [{"id": "e4140ac2-113d-492c-a08d-2491de483bdc", "object_type": 13, "health": 18, "hitbox": {"id": "551c917f-c7e3-4f57-be2b-5d7a89b987ec", "object_type": 14, "width": 50, "height": 40, "position": [20, 230.0]}, "collidable": true, "destructible": true}, {"id": "664f70b2-cf14-4ed3-9359-d4c6b232b9cb", "object_type": 13, "health": 18, "hitbox": {"id": "42ef9097-f9c2-41c9-bf7c-13ffa045fd4c", "object_type": 14, "width": 40, "height": 140, "position": [60, 180.0]}, "collidable": true, "destructible": true}], [{"id": "664f70b2-cf14-4ed3-9359-d4c6b232b9cb", "object_type": 13, "health": 18, "hitbox": {"id": "42ef9097-f9c2-41c9-bf7c-13ffa045fd4c", "object_type": 14, "width": 40, "height": 140, "position": [60, 180.0]}, "collidable": true, "destructible": true}], [{"id": "29fe7105-01ab-4024-b03d-066b5113ac36", "object_type": 12, "health": null, "hitbox": {"id": "b6bced30-19ec-4e47-80c5-5a1f8d405906", "object_type": 14, "width": 5, "height": 5, "position": [112.51789382238164, 259.4181169066404]}, "collidable": false, "gun_type": 2, "level": 1, "pattern": 2, "damage": 15, "fire_rate": 3, "range": 50, "mag_size": 12}], [{"id": "716a03df-91f9-40ee-af09-05f87cad28d7", "object_type": 13, "health": 18, "hitbox": {"id": "5d7a8cd1-dee2-41e6-a856-486b525a0044", "object_type": 14, "width": 50, "height": 40, "position": [120, 230.0]}, "collidable": true, "destructible": true}], [{"id": "716a03df-91f9-40ee-af09-05f87cad28d7", "object_type": 13, "health": 18, "hitbox": {"id": "5d7a8cd1-dee2-41e6-a856-486b525a0044", "object_type": 14, "width": 50, "height": 40, "position": [120, 230.0]}, "collidable": true, "destructible": true}], [{"id": "716a03df-91f9-40ee-af09-05f87cad28d7", "object_type": 13, "health": 18, "hitbox": {"id": "5d7a8cd1-dee2-41e6-a856-486b525a0044", "object_type": 14, "width": 50, "height": 40, "position": [120, 230.0]}, "collidable": true, "destructible": true}], [{"id": "a19e8193-da0d-4ecd-a867-5bb81ff79d85", "object_type": 18, "health": 2022, "hitbox": {"id": "9f31cadb-d501-4ddd-a0fc-1335a99cac80", "object_type": 14, "width": 5, "height": 5, "position": [184.7320753127367, 257.9723818461689]}, "collidable": false, "amount": 42}], [{"id": "d96236d7-b4ea-4d0f-b14c-9dba7b81b37e", "object_type": 18, "health": 2022, "hitbox": {"id": "bfe4f274-c184-41fc-a676-708726904884", "object_type": 14, "width": 5, "height": 5, "position": [211.60570649710746, 257.4635117437821]}, "collidable": false, "amount": 50}], [{"id": "c7555c52-175e-4711-9e4e-c1acff37c8f8", "object_type": 18, "health": 2022, "hitbox": {"id": "8914f67f-e7b0-4988-b927-db3ad2f8ef54", "object_type": 14, "width": 5, "height": 5, "position": [226.3531446593809, 257.18840043610294]}, "collidable": false, "amount": 39}], [{"id": "a5802de7-a5de-4700-806a-ece6c26a149b", "object_type": 12, "health": null, "hitbox": {"id": "23bab83f-af9c-4faf-9316-ec8d23bc4946", "object_type": 14, "width": 5, "height": 5, "position": [249.18745387941416, 251.74805616877504]}, "collidable": false, "gun_type": 4, "level": 1, "pattern": 1, "damage": 50, "fire_rate": 0, "range": 100, "mag_size": 1}, {"id": "7c64a307-b43a-4ac0-b1e7-448be1a3ed76", "object_type": 18, "health": 2022, "hitbox": {"id": "3087a7ff-b6d3-4a47-83eb-74ce9c63e279", "object_type": 14, "width": 5, "height": 5, "position": [250.29035926311883, 246.36385969612223]}, "collidable": false, "amount": 36}, {"id": "dd736310-b42c-47c8-a11e-4ea3ff4bb3b5", "object_type": 12, "health": null, "hitbox": {"id": "7769c4bd-50aa-4fa2-a2cc-3817c135cd85", "object_type": 14, "width": 5, "height": 5, "position": [243.3640994837029, 253.81434137914482]}, "collidable": false, "gun_type": 4, "level": 1, "pattern": 1, "damage": 50, "fire_rate": 0, "range": 100, "mag_size": 1}], [{"id": "8148c317-3ca3-4182-85c9-df5f85d0d2c8", "object_type": 18, "health": 2022, "hitbox": {"id": "42413bf0-7716-403f-8132-f7e1ed806d63", "object_type": 14, "width": 5, "height": 5, "position": [279.6106464134636, 243.85990533644002]}, "collidable": false, "amount": 46}, {"id": "1c106aea-d029-4390-92bc-71840fbd1841", "object_type": 12, "health": null, "hitbox": {"id": "4f44147e-904d-4843-9b40-da60fa95aeea", "object_type": 14, "width": 5, "height": 5, "position": [279.77611162270136, 253.94596887072754]}, "collidable": false, "gun_type": 1, "level": 1, "pattern": 1, "damage": 25, "fire_rate": 0, "range": 30, "mag_size": 5}], [{"id": "b59f9f0b-fda8-4d12-9c11-d6d7e1f85eee", "object_type": 16, "health": 5, "hitbox": {"id": "03f54ccc-00be-409b-9107-8641b3865a6c", "object_type": 14, "width": 5, "height": 5, "position": [288.9118338648332, 242.25216351876577]}, "collidable": false, "upgrade_enum": 3, "movement_enum": null, "sight_enum": null}], [], [{"id": "838900fd-9eff-45a2-a8fb-f7501d16d562", "object_type": 12, "health": null, "hitbox": {"id": "b2081f6a-15dd-4a6f-918d-9d2c3d503340", "object_type": 14, "width": 5, "height": 5, "position": [330.67603061169933, 256.58972377885067]}, "collidable": false, "gun_type": 2, "level": 1, "pattern": 2, "damage": 15, "fire_rate": 3, "range": 50, "mag_size": 12}], [], [], [], [], [], [], [], []], [[], [], [], [{"id": "664f70b2-cf14-4ed3-9359-d4c6b232b9cb", "object_type": 13, "health": 18, "hitbox": {"id": "42ef9097-f9c2-41c9-bf7c-13ffa045fd4c", "object_type": 14, "width": 40, "height": 140, "position": [60, 180.0]}, "collidable": true, "destructible": true}], [{"id": "664f70b2-cf14-4ed3-9359-d4c6b232b9cb", "object_type": 13, "health": 18, "hitbox": {"id": "42ef9097-f9c2-41c9-bf7c-13ffa045fd4c", "object_type": 14, "width": 40, "height": 140, "position": [60, 180.0]}, "collidable": true, "destructible": true}], [], [], [{"id": "a89832ef-be76-445f-b4d4-e29f99d2a78e", "object_type": 16, "health": 5, "hitbox": {"id": "e3b5d98f-1ee3-422c-a9e6-f96f3583851b", "object_type": 14, "width": 5, "height": 5, "position": [157.5396104848026, 269.05388957932695]}, "collidable": false, "upgrade_enum": 2, "movement_enum": null, "sight_enum": null}], [{"id": "8b9213ee-a123-4c7d-aa0c-837c007a7695", "object_type": 12, "health": null, "hitbox": {"id": "d088b0de-9f52-4c77-a649-27273b3c79e6", "object_type": 14, "width": 5, "height": 5, "position": [170.5280596064179, 261.19847320469466]}, "collidable": false, "gun_type": 2, "level": 1, "pattern": 2, "damage": 15, "fire_rate": 3, "range": 50, "mag_size": 12}], [], [{"id": "52dda6b8-303d-4792-b497-9e32091c95ab", "object_type": 12, "health": null, "hitbox": {"id": "770d35cb-2eea-424a-8124-d47f9fcb917f", "object_type": 14, "width": 5, "height": 5, "position": [211.35276448448695, 260.32822868720365]}, "collidable": false, "gun_type": 3, "level": 1, "pattern": 3, "damage": 10, "fire_rate": 4, "range": 10, "mag_size": 2}, {"id": "d1305326-d979-4ecd-a421-0971cc120aea", "object_type": 12, "health": null, "hitbox": {"id": "f25b8ab0-d2ca-437a-9b3a-f947b912df8b", "object_type": 14, "width": 5, "height": 5, "position": [206.42903929799456, 266.84767819943346]}, "collidable": false, "gun_type": 4, "level": 1, "pattern": 1, "damage": 50, "fire_rate": 0, "range": 100, "mag_size": 1}], [{"id": "493abe30-3e32-4552-a672-d5e046693636", "object_type": 18, "health": 2022, "hitbox": {"id": "8155ec97-09b5-4a9c-97fc-ba8b0221b22e", "object_type": 14, "width": 5, "height": 5, "position": [226.38997790457222, 265.56849312851136]}, "collidable": false, "amount": 27}], [{"id": "92deaf8a-f765-492e-9b76-f360101b9e90", "object_type": 12, "health": null, "hitbox": {"id": "5c4169d0-8fb7-43a6-9572-3cffa6808f19", "object_type": 14, "width": 5, "height": 5, "position": [245.93708875817097, 269.886960651194]}, "collidable": false, "gun_type": 2, "level": 1, "pattern": 2, "damage": 15, "fire_rate": 3, "range": 50, "mag_size": 12}], [], [{"id": "96c414e7-63aa-47af-b873-ea8331bb1085", "object_type": 18, "health": 2022, "hitbox": {"id": "f6dd817b-864c-46a1-97ce-b1a0ac576d83", "object_type": 14, "width": 5, "height": 5, "position": [286.45696726546197, 265.36719818106553]}, "collidable": false, "amount": 38}, {"id": "a62be46f-5672-42c1-8fe1-c10c4c7728f5", "object_type": 18, "health": 2022, "hitbox": {"id": "b100a644-5cc0-4b5d-a30e-832241852822", "object_type": 14, "width": 5, "height": 5, "position": [289.2955751852728, 274.5153730344757]}, "collidable": false, "amount": 48}], [], [], [{"id": "4a33196d-ddeb-4270-ae18-240adb5adc71", "object_type": 12, "health": null, "hitbox": {"id": "83ea33c3-1a75-4902-bf39-6839452028d2", "object_type": 14, "width": 5, "height": 5, "position": [352.78712999364245, 261.42319172184415]}, "collidable": false, "gun_type": 2, "level": 1, "pattern": 2, "damage": 15, "fire_rate": 3, "range": 50, "mag_size": 12}], [{"id": "f8813a4c-542c-4d16-8e28-f5d58be9310b", "object_type": 13, "health": 18, "hitbox": {"id": "84fd95a7-20cd-4efa-a7a8-bee2684ba99e", "object_type": 14, "width": 28, "height": 28, "position": [368.0, 264.0]}, "collidable": true, "destructible": true}], [{"id": "f8813a4c-542c-4d16-8e28-f5d58be9310b", "object_type": 13, "health": 18, "hitbox": {"id": "84fd95a7-20cd-4efa-a7a8-bee2684ba99e", "object_type": 14, "width": 28, "height": 28, "position": [368.0, 264.0]}, "collidable": true, "destructible": true}, {"id": "fc68d37f-ed1e-4419-bf59-10def6faf789", "object_type": 13, "health": 18, "hitbox": {"id": "2747c65f-a6f0-486a-8959-d9b90caa0813", "object_type": 14, "width": 9, "height": 10, "position": [396.0, 278.0]}, "collidable": true, "destructible": true}], [{"id": "a0344d00-e2fd-4f43-8262-e6fcb32111e9", "object_type": 13, "health": 18, "hitbox": {"id": "35f9f4db-6840-4c84-9145-9d81df55dad4", "object_type": 14, "width": 9, "height": 10, "position": [418.0, 278.0]}, "collidable": true, "destructible": true}], [{"id": "6089e709-558f-40c3-95da-60cc6ae3e3c4", "object_type": 13, "health": 18, "hitbox": {"id": "1d0b80c2-279c-469a-9375-917dfb133463", "object_type": 14, "width": 28, "height": 28, "position": [424.0, 264.0]}, "collidable": true, "destructible": true}], [{"id": "6089e709-558f-40c3-95da-60cc6ae3e3c4", "object_type": 13, "health": 18, "hitbox": {"id": "1d0b80c2-279c-469a-9375-917dfb133463", "object_type": 14, "width": 28, "height": 28, "position": [424.0, 264.0]}, "collidable": true, "destructible": true}], [], []], [[], [], [], [{"id": "664f70b2-cf14-4ed3-9359-d4c6b232b9cb", "object_type": 13, "health": 18, "hitbox": {"id": "42ef9097-f9c2-41c9-bf7c-13ffa045fd4c", "object_type": 14, "width": 40, "height": 140, "position": [60, 180.0]}, "collidable": true, "destructible": true}], [{"id": "664f70b2-cf14-4ed3-9359-d4c6b232b9cb", "object_type": 13, "health": 18, "hitbox": {"id": "42ef9097-f9c2-41c9-bf7c-13ffa045fd4c", "object_type": 14, "width": 40, "height": 140, "position": [60, 180.0]}, "collidable": true, "destructible": true}], [{"id": "669a9e94-e91a-4cb8-835b-f0b4d99121d5", "object_type": 12, "health": null, "hitbox": {"id": "b6776ed0-27ee-4fc4-ad4a-9eb31b33b566", "object_type": 14, "width": 5, "height": 5, "position": [115.4703173156162, 288.82767965958124]}, "collidable": false, "gun_type": 4, "level": 1, "pattern": 1, "damage": 50, "fire_rate": 0, "range": 100, "mag_size": 1}], [], [], [], [{"id": "cf476c2b-84ce-4ef5-93b2-33ec70653380", "object_type": 18, "health": 2022, "hitbox": {"id": "cba89d62-2fca-45f4-b7c2-3dd6d4a95c7c", "object_type": 14, "width": 5, "height": 5, "position": [187.4823970559996, 298.0148214788099]}, "collidable": false, "amount": 25}], [{"id": "07b978ab-7f65-404f-bda7-d33b4ef1b5d3", "object_type": 12, "health": null, "hitbox": {"id": "f9312653-f6b9-45f4-8615-70bbe8c26fc0", "object_type": 14, "width": 5, "height": 5, "position": [205.68098983021616, 280.20462173337773]}, "collidable": false, "gun_type": 3, "level": 1, "pattern": 3, "damage": 10, "fire_rate": 4, "range": 10, "mag_size": 2}], [{"id": "c06c57f5-9dcf-493d-be21-5661d1e60f39", "object_type": 18, "health": 2022, "hitbox": {"id": "9c6cadeb-9eda-4481-a7b2-e662e1ca70a9", "object_type": 14, "width": 5, "height": 5, "position": [227.67196839855498, 288.2882625781959]}, "collidable": false, "amount": 45}, {"id": "16f3bc3a-b55e-4393-8112-b4c3bb01f8c8", "object_type": 16, "health": 5, "hitbox": {"id": "85f921b9-a102-4603-bb48-feba33b26dac", "object_type": 14, "width": 5, "height": 5, "position": [226.06437023984532, 282.0136770895867]}, "collidable": false, "upgrade_enum": 1, "movement_enum": null, "sight_enum": null}], [{"id": "9ab3656a-3401-4977-b738-25b5ce99857a", "object_type": 18, "health": 2022, "hitbox": {"id": "b1e7ac73-f437-453d-9abf-f4817395d133", "object_type": 14, "width": 5, "height": 5, "position": [246.52998621600474, 290.6521700508022]}, "collidable": false, "amount": 31}, {"id": "fe356d38-e42b-44c9-8439-5cf2ea6b2c6f", "object_type": 18, "health": 2022, "hitbox": {"id": "3aecef96-a78b-4aef-bb99-924c790a77ff", "object_type": 14, "width": 5, "height": 5, "position": [245.91072713148452, 284.7171287345891]}, "collidable": false, "amount": 31}], [{"id": "697f29fd-2268-4202-9976-70491c617fdd", "object_type": 12, "health": null, "hitbox": {"id": "02dd6cf8-caef-4486-b9a1-86a048143087", "object_type": 14, "width": 5, "height": 5, "position": [264.1780116851724, 299.60966489531455]}, "collidable": false, "gun_type": 3, "level": 1, "pattern": 3, "damage": 10, "fire_rate": 4, "range": 10, "mag_size": 2}, {"id": "aeec5802-c088-4cd5-b12d-c5a10db29877", "object_type": 12, "health": null, "hitbox": {"id": "6eb35465-beb7-470e-9bef-2d872d4d6dd7", "object_type": 14, "width": 5, "height": 5, "position": [276.99010716667897, 298.3626171786144]}, "collidable": false, "gun_type": 4, "level": 1, "pattern": 1, "damage": 50, "fire_rate": 0, "range": 100, "mag_size": 1}], [{"id": "cd16c2ff-b1e1-437e-b315-02842c9f86d2", "object_type": 18, "health": 2022, "hitbox": {"id": "1eb5dbe3-7d08-49e8-ae82-45416967f5f5", "object_type": 14, "width": 5, "height": 5, "position": [290.6506687797579, 283.89127004630393]}, "collidable": false, "amount": 44}, {"id": "ba18490b-9088-46c7-aee4-78492151abe0", "object_type": 12, "health": null, "hitbox": {"id": "0a012b6b-f8ab-4638-8277-4c2e62e9b3c7", "object_type": 14, "width": 5, "height": 5, "position": [298.5732190806822, 287.1758157974074]}, "collidable": false, "gun_type": 2, "level": 1, "pattern": 2, "damage": 15, "fire_rate": 3, "range": 50, "mag_size": 12}, {"id": "994e1718-8be5-43e9-b14d-36ba8a3aa32a", "object_type": 16, "health": 5, "hitbox": {"id": "281e0611-867f-4bfb-8f5c-27bcf6e97bcb", "object_type": 14, "width": 5, "height": 5, "position": [298.45334163516077, 294.07420268143454]}, "collidable": false, "upgrade_enum": 1, "movement_enum": null, "sight_enum": null}], [], [{"id": "fad5152b-b0b9-429a-badf-2fa52c4e3bad", "object_type": 16, "health": 5, "hitbox": {"id": "df4b48d0-86df-4e7a-9584-12cd3fc501a1", "object_type": 14, "width": 5, "height": 5, "position": [334.6544090845067, 285.59692075627294]}, "collidable": false, "upgrade_enum": 1, "movement_enum": null, "sight_enum": null}], [{"id": "6e746c32-70d7-41ca-bddf-f38c7184a802", "object_type": 13, "health": 18, "hitbox": {"id": "33c28fd3-50f6-4ed1-8ed7-2e83d8c3857f", "object_type": 14, "width": 28, "height": 28, "position": [340.0, 292.0]}, "collidable": true, "destructible": true}], [{"id": "f8813a4c-542c-4d16-8e28-f5d58be9310b", "object_type": 13, "health": 18, "hitbox": {"id": "84fd95a7-20cd-4efa-a7a8-bee2684ba99e", "object_type": 14, "width": 28, "height": 28, "position": [368.0, 264.0]}, "collidable": true, "destructible": true}, {"id": "6e746c32-70d7-41ca-bddf-f38c7184a802", "object_type": 13, "health": 18, "hitbox": {"id": "33c28fd3-50f6-4ed1-8ed7-2e83d8c3857f", "object_type": 14, "width": 28, "height": 28, "position": [340.0, 292.0]}, "collidable": true, "destructible": true}], [{"id": "f8813a4c-542c-4d16-8e28-f5d58be9310b", "object_type": 13, "health": 18, "hitbox": {"id": "84fd95a7-20cd-4efa-a7a8-bee2684ba99e", "object_type": 14, "width": 28, "height": 28, "position": [368.0, 264.0]}, "collidable": true, "destructible": true}], [{"id": "ef82ae3c-8092-4815-bfea-2a28156990a6", "object_type": 15, "health": 18, "hitbox": {"id": "118944b4-1758-4f83-a274-d4d1f0ecebab", "object_type": 14, "width": 10, "height": 3, "position": [405.0, 280.0]}, "collidable": true, "opening_speed": 1, "open_state": false}], [{"id": "6089e709-558f-40c3-95da-60cc6ae3e3c4", "object_type": 13, "health": 18, "hitbox": {"id": "1d0b80c2-279c-469a-9375-917dfb133463", "object_type": 14, "width": 28, "height": 28, "position": [424.0, 264.0]}, "collidable": true, "destructible": true}, {"id": "8b286642-3280-49ef-bf1e-4d703f1aaccf", "object_type": 18, "health": 2022, "hitbox": {"id": "5b371e41-2c6a-4f98-b4a3-5f19620b56bb", "object_type": 14, "width": 5, "height": 5, "position": [429.671833700167, 298.75217657108436]}, "collidable": false, "amount": 32}], [{"id": "6089e709-558f-40c3-95da-60cc6ae3e3c4", "object_type": 13, "health": 18, "hitbox": {"id": "1d0b80c2-279c-469a-9375-917dfb133463", "object_type": 14, "width": 28, "height": 28, "position": [424.0, 264.0]}, "collidable": true, "destructible": true}, {"id": "d6343beb-4b85-4676-93bb-98641c5aad53", "object_type": 13, "health": 18, "hitbox": {"id": "b23cd5b9-a4f8-47e5-bb05-c54fcce53473", "object_type": 14, "width": 28, "height": 28, "position": [452.0, 292.0]}, "collidable": true, "destructible": true}], [{"id": "d6343beb-4b85-4676-93bb-98641c5aad53", "object_type": 13, "health": 18, "hitbox": {"id": "b23cd5b9-a4f8-47e5-bb05-c54fcce53473", "object_type": 14, "width": 28, "height": 28, "position": [452.0, 292.0]}, "collidable": true, "destructible": true}], []], [[], [], [], [{"id": "664f70b2-cf14-4ed3-9359-d4c6b232b9cb", "object_type": 13, "health": 18, "hitbox": {"id": "42ef9097-f9c2-41c9-bf7c-13ffa045fd4c", "object_type": 14, "width": 40, "height": 140, "position": [60, 180.0]}, "collidable": true, "destructible": true}], [{"id": "664f70b2-cf14-4ed3-9359-d4c6b232b9cb", "object_type": 13, "health": 18, "hitbox": {"id": "42ef9097-f9c2-41c9-bf7c-13ffa045fd4c", "object_type": 14, "width": 40, "height": 140, "position": [60, 180.0]}, "collidable": true, "destructible": true}], [], [], [], [], [], [], [{"id": "06e89e8d-0458-4a6b-b21a-d484cef88411", "object_type": 18, "health": 2022, "hitbox": {"id": "e400e811-e94e-471a-b8ce-a43634485073", "object_type": 14, "width": 5, "height": 5, "position": [231.7373002867297, 308.8958338447123]}, "collidable": false, "amount": 26}, {"id": "f65d4af0-57d1-4407-bf36-6a8cb11212be", "object_type": 18, "health": 2022, "hitbox": {"id": "c513bf66-5dfb-4b4a-8641-6d859301a215", "object_type": 14, "width": 5, "height": 5, "position": [231.01548818668647, 302.03175599020176]}, "collidable": false, "amount": 37}], [], [{"id": "70d99b52-7694-4cc7-ae26-49caab6f556e", "object_type": 18, "health": 2022, "hitbox": {"id": "408b8f6b-e6a8-4edb-9885-6c3ab14526be", "object_type": 14, "width": 5, "height": 5, "position": [260.6534193505609, 319.0516175412814]}, "collidable": false, "amount": 31}], [], [{"id": "e1f87eef-3c53-4edd-8f5c-e2801d24f6a6", "object_type": 16, "health": 5, "hitbox": {"id": "d760c5eb-70fb-469a-a8d3-5d5796d36831", "object_type": 14, "width": 5, "height": 5, "position": [303.48662154662657, 317.32356555163483]}, "collidable": false, "upgrade_enum": 2, "movement_enum": null, "sight_enum": null}], [{"id": "ed5a197f-4d50-422e-b73f-eda147397bb7", "object_type": 16, "health": 5, "hitbox": {"id": "4af62192-c62e-466a-8629-2840c494c057", "object_type": 14, "width": 5, "height": 5, "position": [336.2130606138746, 314.55990149550007]}, "collidable": false, "upgrade_enum": 3, "movement_enum": null, "sight_enum": null}], [{"id": "6e746c32-70d7-41ca-bddf-f38c7184a802", "object_type": 13, "health": 18, "hitbox": {"id": "33c28fd3-50f6-4ed1-8ed7-2e83d8c3857f", "object_type": 14, "width": 28, "height": 28, "position": [340.0, 292.0]}, "collidable": true, "destructible": true}], [{"id": "6e746c32-70d7-41ca-bddf-f38c7184a802", "object_type": 13, "health": 18, "hitbox": {"id": "33c28fd3-50f6-4ed1-8ed7-2e83d8c3857f", "object_type": 14, "width": 28, "height": 28, "position": [340.0, 292.0]}, "collidable": true, "destructible": true}], [], [], [], [{"id": "d6343beb-4b85-4676-93bb-98641c5aad53", "object_type": 13, "health": 18, "hitbox": {"id": "b23cd5b9-a4f8-47e5-bb05-c54fcce53473", "object_type": 14, "width": 28, "height": 28, "position": [452.0, 292.0]}, "collidable": true, "destructible": true}], [{"id": "d6343beb-4b85-4676-93bb-98641c5aad53", "object_type": 13, "health": 18, "hitbox": {"id": "b23cd5b9-a4f8-47e5-bb05-c54fcce53473", "object_type": 14, "width": 28, "height": 28, "position": [452.0, 292.0]}, "collidable": true, "destructible": true}], []], [[], [], [], [], [], [{"id": "dc6fb8b3-9dc1-4aba-bf69-d9a55130fada", "object_type": 18, "health": 2022, "hitbox": {"id": "97250f83-65a8-46fb-9c31-ce0d08f0c6f5", "object_type": 14, "width": 5, "height": 5, "position": [117.72553040299593, 334.12843920495663]}, "collidable": false, "amount": 49}, {"id": "dcda9170-299e-4ec8-bb2b-65f5887c998c", "object_type": 16, "health": 5, "hitbox": {"id": "e679d7d0-a920-4bf3-bb7c-7315e8e277ab", "object_type": 14, "width": 5, "height": 5, "position": [111.09556572927642, 323.29059697172465]}, "collidable": false, "upgrade_enum": 1, "movement_enum": null, "sight_enum": null}], [], [], [], [{"id": "4e6a00cb-d3b6-49d4-b90c-d31552f4f872", "object_type": 12, "health": null, "hitbox": {"id": "6ddb50be-3d31-4c58-8e47-8cb59e221aed", "object_type": 14, "width": 5, "height": 5, "position": [199.6618443890235, 328.11460740372587]}, "collidable": false, "gun_type": 3, "level": 1, "pattern": 3, "damage": 10, "fire_rate": 4, "range": 10, "mag_size": 2}], [{"id": "696fb801-1ab9-4aca-a38c-509c531d5b66", "object_type": 18, "health": 2022, "hitbox": {"id": "d43b03d3-483f-42c6-895c-b802c13d733b", "object_type": 14, "width": 5, "height": 5, "position": [201.0682606076465, 324.8956202427399]}, "collidable": false, "amount": 43}, {"id": "858c6e1e-c55b-47ac-99bf-0c1ab53b68e7", "object_type": 12, "health": null, "hitbox": {"id": "172b9a8a-13d7-4992-809f-6fce0cb10fe2", "object_type": 14, "width": 5, "height": 5, "position": [216.73917855136636, 320.28888848469575]}, "collidable": false, "gun_type": 2, "level": 1, "pattern": 2, "damage": 15, "fire_rate": 3, "range": 50, "mag_size": 12}], [], [{"id": "746aa907-177b-48b5-90bf-7cfc1c416be9", "object_type": 12, "health": null, "hitbox": {"id": "fc5ca2a9-d2c2-46a7-b7f8-1fa69944257b", "object_type": 14, "width": 5, "height": 5, "position": [246.50399957454064, 335.1948243984393]}, "collidable": false, "gun_type": 1, "level": 1, "pattern": 1, "damage": 25, "fire_rate": 0, "range": 30, "mag_size": 5}, {"id": "52b18f00-ae30-490a-a093-e408e3edf32b", "object_type": 12, "health": null, "hitbox": {"id": "646694d8-aa5d-440b-8107-6a0712f60337", "object_type": 14, "width": 5, "height": 5, "position": [250.65005600532652, 321.8981055299808]}, "collidable": false, "gun_type": 2, "level": 1, "pattern": 2, "damage": 15, "fire_rate": 3, "range": 50, "mag_size": 12}], [{"id": "abb1e1bd-acf4-4907-9732-7c9359b748e2", "object_type": 16, "health": 5, "hitbox": {"id": "a402662d-7b27-4801-b5c9-72884166a0d1", "object_type": 14, "width": 5, "height": 5, "position": [275.23756409263854, 329.7487325943694]}, "collidable": false, "upgrade_enum": 3, "movement_enum": null, "sight_enum": null}], [{"id": "c3d8fb06-c10f-4ea0-94ff-6abba47c5286", "object_type": 18, "health": 2022, "hitbox": {"id": "01779a5f-1d21-45cb-bda8-2fed1403a7c0", "object_type": 14, "width": 5, "height": 5, "position": [299.38561388558156, 321.583241331005]}, "collidable": false, "amount": 37}, {"id": "4b520c51-f149-4f83-b809-c2f49a198bf8", "object_type": 18, "health": 2022, "hitbox": {"id": "33efcf63-51f8-4e80-afca-38e37d4a3f56", "object_type": 14, "width": 5, "height": 5, "position": [285.83472555390523, 323.1351759453742]}, "collidable": false, "amount": 45}], [], [], [], [{"id": "b2e9207c-bcbb-475e-a0ab-58110b9b4502", "object_type": 16, "health": 5, "hitbox": {"id": "07c0b9b5-7985-47dd-a5fa-8df0a0c395ff", "object_type": 14, "width": 5, "height": 5, "position": [379.67798594812155, 331.9441933700509]}, "collidable": false, "upgrade_enum": 2, "movement_enum": null, "sight_enum": null}, {"id": "385c3f64-b0aa-4563-9063-bae95274bb26", "object_type": 18, "health": 2022, "hitbox": {"id": "7adb8458-cad8-4151-ae69-1a5d152467fe", "object_type": 14, "width": 5, "height": 5, "position": [374.3975332631667, 334.1274780854199]}, "collidable": false, "amount": 32}], [{"id": "6130935b-85b9-4fb8-afbd-61f6df842cf5", "object_type": 18, "health": 2022, "hitbox": {"id": "1c9f7731-4e11-4b4e-b3de-66ab4c41bd13", "object_type": 14, "width": 5, "height": 5, "position": [394.5162364793407, 330.38298639777656]}, "collidable": false, "amount": 33}], [], [], [], [], []], [[], [{"id": "33bf39ec-31e8-4b2d-b983-a49f91d5becc", "object_type": 13, "health": 18, "hitbox": {"id": "02c42377-126c-4615-95e7-ab22c834395c", "object_type": 14, "width": 35, "height": 140, "position": [20, 340.0]}, "collidable": true, "destructible": true}], [{"id": "33bf39ec-31e8-4b2d-b983-a49f91d5becc", "object_type": 13, "health": 18, "hitbox": {"id": "02c42377-126c-4615-95e7-ab22c834395c", "object_type": 14, "width": 35, "height": 140, "position": [20, 340.0]}, "collidable": true, "destructible": true}], [], [], [{"id": "702eaadb-19db-49ea-8f25-d598ca26abde", "object_type": 12, "health": null, "hitbox": {"id": "b0f8eca5-db0b-423f-9ae5-dc51fbb6936f", "object_type": 14, "width": 5, "height": 5, "position": [115.85376093906865, 357.03936066340805]}, "collidable": false, "gun_type": 3, "level": 1, "pattern": 3, "damage": 10, "fire_rate": 4, "range": 10, "mag_size": 2}], [{"id": "52002a1d-fa06-460d-a84f-9477defae6c4", "object_type": 13, "health": 18, "hitbox": {"id": "8d907f25-e570-4378-b3d8-6d5d242929c3", "object_type": 14, "width": 35, "height": 140, "position": [125, 340.0]}, "collidable": true, "destructible": true}], [{"id": "52002a1d-fa06-460d-a84f-9477defae6c4", "object_type": 13, "health": 18, "hitbox": {"id": "8d907f25-e570-4378-b3d8-6d5d242929c3", "object_type": 14, "width": 35, "height": 140, "position": [125, 340.0]}, "collidable": true, "destructible": true}], [{"id": "42dd1c6a-8337-4ac6-874f-5299e0eac22c", "object_type": 16, "health": 5, "hitbox": {"id": "47b18624-0ff3-474b-9119-58f703906d16", "object_type": 14, "width": 5, "height": 5, "position": [165.33229792007592, 353.5776131266662]}, "collidable": false, "upgrade_enum": 1, "movement_enum": null, "sight_enum": null}], [{"id": "aa9af7bc-4f32-4e39-ab83-d6066fe50fd8", "object_type": 18, "health": 2022, "hitbox": {"id": "5690e96a-5676-4db9-8410-c4ed1bdc2795", "object_type": 14, "width": 5, "height": 5, "position": [195.61095497522905, 348.4008606032594]}, "collidable": false, "amount": 43}], [], [], [{"id": "68a82dc1-6585-4ede-9de5-4263b3c8a648", "object_type": 18, "health": 2022, "hitbox": {"id": "10f3746f-6746-40af-bdb3-8ca4299332d2", "object_type": 14, "width": 5, "height": 5, "position": [254.67640090511708, 346.33493543711813]}, "collidable": false, "amount": 45}], [{"id": "ec45b191-5cc9-498a-bdcb-6068ffc37660", "object_type": 18, "health": 2022, "hitbox": {"id": "62d2b312-67b5-41f4-bbcf-5776f7e46f8d", "object_type": 14, "width": 5, "height": 5, "position": [269.09189992041917, 349.29176329852055]}, "collidable": false, "amount": 34}], [], [{"id": "233558c2-e98f-4920-8f14-35b0dfca5d45", "object_type": 12, "health": null, "hitbox": {"id": "a0acfa29-6810-41c0-ab4d-ff901f08d5d5", "object_type": 14, "width": 5, "height": 5, "position": [315.1440154309526, 341.5020317310662]}, "collidable": false, "gun_type": 2, "level": 1, "pattern": 2, "damage": 15, "fire_rate": 3, "range": 50, "mag_size": 12}], [], [], [], [], [], [], [], [], []], [[], [{"id": "33bf39ec-31e8-4b2d-b983-a49f91d5becc", "object_type": 13, "health": 18, "hitbox": {"id": "02c42377-126c-4615-95e7-ab22c834395c", "object_type": 14, "width": 35, "height": 140, "position": [20, 340.0]}, "collidable": true, "destructible": true}], [{"id": "33bf39ec-31e8-4b2d-b983-a49f91d5becc", "object_type": 13, "health": 18, "hitbox": {"id": "02c42377-126c-4615-95e7-ab22c834395c", "object_type": 14, "width": 35, "height": 140, "position": [20, 340.0]}, "collidable": true, "destructible": true}], [], [], [{"id": "f2d56ae0-634a-43c0-858b-016174c20eae", "object_type": 18, "health": 2022, "hitbox": {"id": "1511f9e5-c075-473b-a597-72a92f984747", "object_type": 14, "width": 5, "height": 5, "position": [116.7829971885769, 360.6373860326604]}, "collidable": false, "amount": 43}], [{"id": "52002a1d-fa06-460d-a84f-9477defae6c4", "object_type": 13, "health": 18, "hitbox": {"id": "8d907f25-e570-4378-b3d8-6d5d242929c3", "object_type": 14, "width": 35, "height": 140, "position": [125, 340.0]}, "collidable": true, "destructible": true}], [{"id": "52002a1d-fa06-460d-a84f-9477defae6c4", "object_type": 13, "health": 18, "hitbox": {"id": "8d907f25-e570-4378-b3d8-6d5d242929c3", "object_type": 14, "width": 35, "height": 140, "position": [125, 340.0]}, "collidable": true, "destructible": true}], [{"id": "945279cf-68b3-4c16-a4d1-6cb51c2a52b2", "object_type": 12, "health": null, "hitbox": {"id": "ba49e5e3-8960-4f03-9ff0-026cec790b0a", "object_type": 14, "width": 5, "height": 5, "position": [164.04128965825123, 365.1100334259154]}, "collidable": false, "gun_type": 3, "level": 1, "pattern": 3, "damage": 10, "fire_rate": 4, "range": 10, "mag_size": 2}], [], [{"id": "e796151c-9d11-4ae9-96e2-986e15eda853", "object_type": 13, "health": 18, "hitbox": {"id": "e61be6fd-965b-485d-b620-83e7eac86e2f", "object_type": 14, "width": 25, "height": 25, "position": [210.0, 370.0]}, "collidable": true, "destructible": true}, {"id": "51523795-fe1c-4bcc-a8f2-ee3872781a6b", "object_type": 12, "health": null, "hitbox": {"id": "3f35eeb5-5a15-41f6-bba3-a305a47a2a20", "object_type": 14, "width": 5, "height": 5, "position": [200.71146067552888, 365.49877028072024]}, "collidable": false, "gun_type": 1, "level": 1, "pattern": 1, "damage": 25, "fire_rate": 0, "range": 30, "mag_size": 5}], [{"id": "e796151c-9d11-4ae9-96e2-986e15eda853", "object_type": 13, "health": 18, "hitbox": {"id": "e61be6fd-965b-485d-b620-83e7eac86e2f", "object_type": 14, "width": 25, "height": 25, "position": [210.0, 370.0]}, "collidable": true, "destructible": true}], [{"id": "7c28ac5c-e4a3-41f8-b515-71f1a3fbe731", "object_type": 13, "health": 18, "hitbox": {"id": "6d51fbe2-606a-45c5-9213-a78692b698df", "object_type": 14, "width": 25, "height": 25, "position": [250.0, 370.0]}, "collidable": true, "destructible": true}], [{"id": "7c28ac5c-e4a3-41f8-b515-71f1a3fbe731", "object_type": 13, "health": 18, "hitbox": {"id": "6d51fbe2-606a-45c5-9213-a78692b698df", "object_type": 14, "width": 25, "height": 25, "position": [250.0, 370.0]}, "collidable": true, "destructible": true}], [{"id": "b1f68f4c-10f8-4c0b-8856-3c1f44311507", "object_type": 16, "health": 5, "hitbox": {"id": "14e254e5-e902-49c2-a49f-97f44b2fdace", "object_type": 14, "width": 5, "height": 5, "position": [296.97086520037726, 362.3195188042555]}, "collidable": false, "upgrade_enum": 2, "movement_enum": null, "sight_enum": null}], [], [], [], [], [], [], [], [], [], []], [[], [{"id": "33bf39ec-31e8-4b2d-b983-a49f91d5becc", "object_type": 13, "health": 18, "hitbox": {"id": "02c42377-126c-4615-95e7-ab22c834395c", "object_type": 14, "width": 35, "height": 140, "position": [20, 340.0]}, "collidable": true, "destructible": true}], [{"id": "33bf39ec-31e8-4b2d-b983-a49f91d5becc", "object_type": 13, "health": 18, "hitbox": {"id": "02c42377-126c-4615-95e7-ab22c834395c", "object_type": 14, "width": 35, "height": 140, "position": [20, 340.0]}, "collidable": true, "destructible": true}], [{"id": "7c100a54-86de-4bf9-b57d-c239789fc1a6", "object_type": 13, "health": 18, "hitbox": {"id": "804687cc-2a64-4730-b6b0-b604207ce8f8", "object_type": 14, "width": 40, "height": 40, "position": [75, 380.0]}, "collidable": true, "destructible": true}], [{"id": "7c100a54-86de-4bf9-b57d-c239789fc1a6", "object_type": 13, "health": 18, "hitbox": {"id": "804687cc-2a64-4730-b6b0-b604207ce8f8", "object_type": 14, "width": 40, "height": 40, "position": [75, 380.0]}, "collidable": true, "destructible": true}], [], [{"id": "52002a1d-fa06-460d-a84f-9477defae6c4", "object_type": 13, "health": 18, "hitbox": {"id": "8d907f25-e570-4378-b3d8-6d5d242929c3", "object_type": 14, "width": 35, "height": 140, "position": [125, 340.0]}, "collidable": true, "destructible": true}], [{"id": "52002a1d-fa06-460d-a84f-9477defae6c4", "object_type": 13, "health": 18, "hitbox": {"id": "8d907f25-e570-4378-b3d8-6d5d242929c3", "object_type": 14, "width": 35, "height": 140, "position": [125, 340.0]}, "collidable": true, "destructible": true}], [], [], [{"id": "e796151c-9d11-4ae9-96e2-986e15eda853", "object_type": 13, "health": 18, "hitbox": {"id": "e61be6fd-965b-485d-b620-83e7eac86e2f", "object_type": 14, "width": 25, "height": 25, "position": [210.0, 370.0]}, "collidable": true, "destructible": true}], [{"id": "e796151c-9d11-4ae9-96e2-986e15eda853", "object_type": 13, "health": 18, "hitbox": {"id": "e61be6fd-965b-485d-b620-83e7eac86e2f", "object_type": 14, "width": 25, "height": 25, "position": [210.0, 370.0]}, "collidable": true, "destructible": true}, {"id": "75f3e159-ac53-4672-a71f-1dcde23a3e04", "object_type": 13, "health": 18, "hitbox": {"id": "7861bf1c-9175-4f23-ab0c-80c9ea9678c2", "object_type": 14, "width": 15, "height": 10, "position": [235.0, 395.0]}, "collidable": true, "destructible": true}], [{"id": "7c28ac5c-e4a3-41f8-b515-71f1a3fbe731", "object_type": 13, "health": 18, "hitbox": {"id": "6d51fbe2-606a-45c5-9213-a78692b698df", "object_type": 14, "width": 25, "height": 25, "position": [250.0, 370.0]}, "collidable": true, "destructible": true}], [{"id": "7c28ac5c-e4a3-41f8-b515-71f1a3fbe731", "object_type": 13, "health": 18, "hitbox": {"id": "6d51fbe2-606a-45c5-9213-a78692b698df", "object_type": 14, "width": 25, "height": 25, "position": [250.0, 370.0]}, "collidable": true, "destructible": true}], [], [], [], [], [], [{"id": "b9af0fc3-801b-401d-be14-b974c5ec5fde", "object_type": 10, "health": 100, "hitbox": {"id": "3f9a1a1a-5c7e-4bf6-889f-ced7ca242884", "object_type": 14, "width": 10, "height": 10, "position": [396.55, 396.55]}, "collidable": true, "heading": 225, "speed": 25, "inventory": {"guns": [{"id": "d21c43ae-0328-4b49-9340-8e23d68d5d68", "object_type": 12, "health": null, "hitbox": {"id": "88d95622-7367-43aa-b732-971aeeccc2a4", "object_type": 14, "width": 0, "height": 0, "position": [0, 0]}, "collidable": false, "gun_type": 1, "level": 1, "pattern": 1, "damage": 25, "fire_rate": 0, "range": 30, "mag_size": 5}, null], "upgrades": [null, null, null], "consumables": [null, null, null, null]}, "money": 10, "armor": 1.0, "view_distance": 500, "speed_boost_cooldown": 0, "radar_cooldown": 0, "primary_gun_pointer": 0}], [{"id": "b9af0fc3-801b-401d-be14-b974c5ec5fde", "object_type": 10, "health": 100, "hitbox": {"id": "3f9a1a1a-5c7e-4bf6-889f-ced7ca242884", "object_type": 14, "width": 10, "height": 10, "position": [396.55, 396.55]}, "collidable": true, "heading": 225, "speed": 25, "inventory": {"guns": [{"id": "d21c43ae-0328-4b49-9340-8e23d68d5d68", "object_type": 12, "health": null, "hitbox": {"id": "88d95622-7367-43aa-b732-971aeeccc2a4", "object_type": 14, "width": 0, "height": 0, "position": [0, 0]}, "collidable": false, "gun_type": 1, "level": 1, "pattern": 1, "damage": 25, "fire_rate": 0, "range": 30, "mag_size": 5}, null], "upgrades": [null, null, null], "consumables": [null, null, null, null]}, "money": 10, "armor": 1.0, "view_distance": 500, "speed_boost_cooldown": 0, "radar_cooldown": 0, "primary_gun_pointer": 0}], [], [], [], []], [[], [{"id": "33bf39ec-31e8-4b2d-b983-a49f91d5becc", "object_type": 13, "health": 18, "hitbox": {"id": "02c42377-126c-4615-95e7-ab22c834395c", "object_type": 14, "width": 35, "height": 140, "position": [20, 340.0]}, "collidable": true, "destructible": true}], [{"id": "33bf39ec-31e8-4b2d-b983-a49f91d5becc", "object_type": 13, "health": 18, "hitbox": {"id": "02c42377-126c-4615-95e7-ab22c834395c", "object_type": 14, "width": 35, "height": 140, "position": [20, 340.0]}, "collidable": true, "destructible": true}], [{"id": "7c100a54-86de-4bf9-b57d-c239789fc1a6", "object_type": 13, "health": 18, "hitbox": {"id": "804687cc-2a64-4730-b6b0-b604207ce8f8", "object_type": 14, "width": 40, "height": 40, "position": [75, 380.0]}, "collidable": true, "destructible": true}], [{"id": "7c100a54-86de-4bf9-b57d-c239789fc1a6", "object_type": 13, "health": 18, "hitbox": {"id": "804687cc-2a64-4730-b6b0-b604207ce8f8", "object_type": 14, "width": 40, "height": 40, "position": [75, 380.0]}, "collidable": true, "destructible": true}], [], [{"id": "52002a1d-fa06-460d-a84f-9477defae6c4", "object_type": 13, "health": 18, "hitbox": {"id": "8d907f25-e570-4378-b3d8-6d5d242929c3", "object_type": 14, "width": 35, "height": 140, "position": [125, 340.0]}, "collidable": true, "destructible": true}], [{"id": "52002a1d-fa06-460d-a84f-9477defae6c4", "object_type": 13, "health": 18, "hitbox": {"id": "8d907f25-e570-4378-b3d8-6d5d242929c3", "object_type": 14, "width": 35, "height": 140, "position": [125, 340.0]}, "collidable": true, "destructible": true}], [{"id": "ac7abe8e-d18e-4127-b69f-ccef0ecc9fc0", "object_type": 18, "health": 2022, "hitbox": {"id": "caeafe23-e833-423d-b8f2-5d8208b88f87", "object_type": 14, "width": 5, "height": 5, "position": [174.61259889529006, 408.56745742872135]}, "collidable": false, "amount": 49}], [], [], [{"id": "8bcc5bee-f555-4a8c-9b5d-79b3728e92de", "object_type": 13, "health": 18, "hitbox": {"id": "977f3775-c8ef-4631-8916-4c981211774f", "object_type": 14, "width": 40, "height": 35, "position": [222.0, 405.0]}, "collidable": true, "destructible": true}], [{"id": "8bcc5bee-f555-4a8c-9b5d-79b3728e92de", "object_type": 13, "health": 18, "hitbox": {"id": "977f3775-c8ef-4631-8916-4c981211774f", "object_type": 14, "width": 40, "height": 35, "position": [222.0, 405.0]}, "collidable": true, "destructible": true}], [], [], [], [], [], [], [{"id": "b9af0fc3-801b-401d-be14-b974c5ec5fde", "object_type": 10, "health": 100, "hitbox": {"id": "3f9a1a1a-5c7e-4bf6-889f-ced7ca242884", "object_type": 14, "width": 10, "height": 10, "position": [396.55, 396.55]}, "collidable": true, "heading": 225, "speed": 25, "inventory": {"guns": [{"id": "d21c43ae-0328-4b49-9340-8e23d68d5d68", "object_type": 12, "health": null, "hitbox": {"id": "88d95622-7367-43aa-b732-971aeeccc2a4", "object_type": 14, "width": 0, "height": 0, "position": [0, 0]}, "collidable": false, "gun_type": 1, "level": 1, "pattern": 1, "damage": 25, "fire_rate": 0, "range": 30, "mag_size": 5}, null], "upgrades": [null, null, null], "consumables": [null, null, null, null]}, "money": 10, "armor": 1.0, "view_distance": 500, "speed_boost_cooldown": 0, "radar_cooldown": 0, "primary_gun_pointer": 0}], [{"id": "b9af0fc3-801b-401d-be14-b974c5ec5fde", "object_type": 10, "health": 100, "hitbox": {"id": "3f9a1a1a-5c7e-4bf6-889f-ced7ca242884", "object_type": 14, "width": 10, "height": 10, "position": [396.55, 396.55]}, "collidable": true, "heading": 225, "speed": 25, "inventory": {"guns": [{"id": "d21c43ae-0328-4b49-9340-8e23d68d5d68", "object_type": 12, "health": null, "hitbox": {"id": "88d95622-7367-43aa-b732-971aeeccc2a4", "object_type": 14, "width": 0, "height": 0, "position": [0, 0]}, "collidable": false, "gun_type": 1, "level": 1, "pattern": 1, "damage": 25, "fire_rate": 0, "range": 30, "mag_size": 5}, null], "upgrades": [null, null, null], "consumables": [null, null, null, null]}, "money": 10, "armor": 1.0, "view_distance": 500, "speed_boost_cooldown": 0, "radar_cooldown": 0, "primary_gun_pointer": 0}], [], [], [], []], [[], [{"id": "33bf39ec-31e8-4b2d-b983-a49f91d5becc", "object_type": 13, "health": 18, "hitbox": {"id": "02c42377-126c-4615-95e7-ab22c834395c", "object_type": 14, "width": 35, "height": 140, "position": [20, 340.0]}, "collidable": true, "destructible": true}], [{"id": "33bf39ec-31e8-4b2d-b983-a49f91d5becc", "object_type": 13, "health": 18, "hitbox": {"id": "02c42377-126c-4615-95e7-ab22c834395c", "object_type": 14, "width": 35, "height": 140, "position": [20, 340.0]}, "collidable": true, "destructible": true}], [], [{"id": "0d3582c8-04ad-47e3-8c04-2d3371d9df54", "object_type": 12, "health": null, "hitbox": {"id": "6adbdb43-cc59-42ad-8f8f-dcc3157f3f1c", "object_type": 14, "width": 5, "height": 5, "position": [93.23960006796256, 421.1516539959039]}, "collidable": false, "gun_type": 1, "level": 1, "pattern": 1, "damage": 25, "fire_rate": 0, "range": 30, "mag_size": 5}], [], [{"id": "52002a1d-fa06-460d-a84f-9477defae6c4", "object_type": 13, "health": 18, "hitbox": {"id": "8d907f25-e570-4378-b3d8-6d5d242929c3", "object_type": 14, "width": 35, "height": 140, "position": [125, 340.0]}, "collidable": true, "destructible": true}], [{"id": "52002a1d-fa06-460d-a84f-9477defae6c4", "object_type": 13, "health": 18, "hitbox": {"id": "8d907f25-e570-4378-b3d8-6d5d242929c3", "object_type": 14, "width": 35, "height": 140, "position": [125, 340.0]}, "collidable": true, "destructible": true}], [], [], [], [{"id": "8bcc5bee-f555-4a8c-9b5d-79b3728e92de", "object_type": 13, "health": 18, "hitbox": {"id": "977f3775-c8ef-4631-8916-4c981211774f", "object_type": 14, "width": 40, "height": 35, "position": [222.0, 405.0]}, "collidable": true, "destructible": true}], [{"id": "8bcc5bee-f555-4a8c-9b5d-79b3728e92de", "object_type": 13, "health": 18, "hitbox": {"id": "977f3775-c8ef-4631-8916-4c981211774f", "object_type": 14, "width": 40, "height": 35, "position": [222.0, 405.0]}, "collidable": true, "destructible": true}], [], [], [{"id": "44d5d35b-bd74-49ec-8e20-9fadda9eee84", "object_type": 18, "health": 2022, "hitbox": {"id": "7382e2c4-2557-4736-817c-0bc4be326529", "object_type": 14, "width": 5, "height": 5, "position": [312.4193070481445, 425.4380524555253]}, "collidable": false, "amount": 34}], [], [], [], [], [], [], [], [], []], [[], [{"id": "33bf39ec-31e8-4b2d-b983-a49f91d5becc", "object_type": 13, "health": 18, "hitbox": {"id": "02c42377-126c-4615-95e7-ab22c834395c", "object_type": 14, "width": 35, "height": 140, "position": [20, 340.0]}, "collidable": true, "destructible": true}], [{"id": "33bf39ec-31e8-4b2d-b983-a49f91d5becc", "object_type": 13, "health": 18, "hitbox": {"id": "02c42377-126c-4615-95e7-ab22c834395c", "object_type": 14, "width": 35, "height": 140, "position": [20, 340.0]}, "collidable": true, "destructible": true}, {"id": "d7bffb5a-257b-443f-8e42-11753498e65c", "object_type": 13, "health": 18, "hitbox": {"id": "eecc6191-e694-4b9a-8566-e70eb1646784", "object_type": 14, "width": 70, "height": 25, "position": [55, 440.0]}, "collidable": true, "destructible": true}], [{"id": "d7bffb5a-257b-443f-8e42-11753498e65c", "object_type": 13, "health": 18, "hitbox": {"id": "eecc6191-e694-4b9a-8566-e70eb1646784", "object_type": 14, "width": 70, "height": 25, "position": [55, 440.0]}, "collidable": true, "destructible": true}], [{"id": "d7bffb5a-257b-443f-8e42-11753498e65c", "object_type": 13, "health": 18, "hitbox": {"id": "eecc6191-e694-4b9a-8566-e70eb1646784", "object_type": 14, "width": 70, "height": 25, "position": [55, 440.0]}, "collidable": true, "destructible": true}], [{"id": "d7bffb5a-257b-443f-8e42-11753498e65c", "object_type": 13, "health": 18, "hitbox": {"id": "eecc6191-e694-4b9a-8566-e70eb1646784", "object_type": 14, "width": 70, "height": 25, "position": [55, 440.0]}, "collidable": true, "destructible": true}], [{"id": "52002a1d-fa06-460d-a84f-9477defae6c4", "object_type": 13, "health": 18, "hitbox": {"id": "8d907f25-e570-4378-b3d8-6d5d242929c3", "object_type": 14, "width": 35, "height": 140, "position": [125, 340.0]}, "collidable": true, "destructible": true}], [{"id": "52002a1d-fa06-460d-a84f-9477defae6c4", "object_type": 13, "health": 18, "hitbox": {"id": "8d907f25-e570-4378-b3d8-6d5d242929c3", "object_type": 14, "width": 35, "height": 140, "position": [125, 340.0]}, "collidable": true, "destructible": true}], [], [], [], [{"id": "3c807629-8431-495c-af32-77d824a32b59", "object_type": 13, "health": 18, "hitbox": {"id": "3dde5914-d7bf-48bb-9b38-ffab50d5170e", "object_type": 14, "width": 13, "height": 10, "position": [222.0, 440.0]}, "collidable": true, "destructible": true}], [{"id": "f463326f-e916-491c-997f-0d4ddf4fdcbc", "object_type": 13, "health": 18, "hitbox": {"id": "9844e27e-b53f-46ff-a5c4-b4c07d173c04", "object_type": 14, "width": 13, "height": 10, "position": [250.0, 440.0]}, "collidable": true, "destructible": true}], [], [], [{"id": "bcac9ba6-78af-4422-91c0-39183e771a8c", "object_type": 18, "health": 2022, "hitbox": {"id": "8ff10c9b-130a-41e2-a388-974dd00b2576", "object_type": 14, "width": 5, "height": 5, "position": [303.1955978032916, 452.6566400957679]}, "collidable": false, "amount": 50}], [], [], [], [], [], [], [], [], []], [[], [{"id": "33bf39ec-31e8-4b2d-b983-a49f91d5becc", "object_type": 13, "health": 18, "hitbox": {"id": "02c42377-126c-4615-95e7-ab22c834395c", "object_type": 14, "width": 35, "height": 140, "position": [20, 340.0]}, "collidable": true, "destructible": true}], [{"id": "33bf39ec-31e8-4b2d-b983-a49f91d5becc", "object_type": 13, "health": 18, "hitbox": {"id": "02c42377-126c-4615-95e7-ab22c834395c", "object_type": 14, "width": 35, "height": 140, "position": [20, 340.0]}, "collidable": true, "destructible": true}, {"id": "d7bffb5a-257b-443f-8e42-11753498e65c", "object_type": 13, "health": 18, "hitbox": {"id": "eecc6191-e694-4b9a-8566-e70eb1646784", "object_type": 14, "width": 70, "height": 25, "position": [55, 440.0]}, "collidable": true, "destructible": true}], [{"id": "d7bffb5a-257b-443f-8e42-11753498e65c", "object_type": 13, "health": 18, "hitbox": {"id": "eecc6191-e694-4b9a-8566-e70eb1646784", "object_type": 14, "width": 70, "height": 25, "position": [55, 440.0]}, "collidable": true, "destructible": true}], [{"id": "d7bffb5a-257b-443f-8e42-11753498e65c", "object_type": 13, "health": 18, "hitbox": {"id": "eecc6191-e694-4b9a-8566-e70eb1646784", "object_type": 14, "width": 70, "height": 25, "position": [55, 440.0]}, "collidable": true, "destructible": true}], [{"id": "d7bffb5a-257b-443f-8e42-11753498e65c", "object_type": 13, "health": 18, "hitbox": {"id": "eecc6191-e694-4b9a-8566-e70eb1646784", "object_type": 14, "width": 70, "height": 25, "position": [55, 440.0]}, "collidable": true, "destructible": true}], [{"id": "52002a1d-fa06-460d-a84f-9477defae6c4", "object_type": 13, "health": 18, "hitbox": {"id": "8d907f25-e570-4378-b3d8-6d5d242929c3", "object_type": 14, "width": 35, "height": 140, "position": [125, 340.0]}, "collidable": true, "destructible": true}], [{"id": "52002a1d-fa06-460d-a84f-9477defae6c4", "object_type": 13, "health": 18, "hitbox": {"id": "8d907f25-e570-4378-b3d8-6d5d242929c3", "object_type": 14, "width": 35, "height": 140, "position": [125, 340.0]}, "collidable": true, "destructible": true}], [], [], [], [], [], [], [], [], [], [], [], [], [], [], [], [], []], [[], [], [], [], [], [], [], [], [{"id": "58dc5b11-7063-4d67-83d4-b6ad74f4fbc2", "object_type": 19, "health": 10, "hitbox": {"id": "5eac3905-a4ce-428f-ae6b-7c44ff7071cb", "object_type": 14, "width": 10, "height": 10, "position": [168, 483]}, "collidable": false, "turn_cooldown": 5, "countdown": 5}], [], [], [], [], [], [], [], [], [], [], [], [], [], [], [], []]]}, "ray_list": [{"id": "fbf77256-137a-42e6-b78b-fb4078375745", "object_type": 8, "origin": [50.0, 50.0], "endpoint": [49.99999999999998, 50.0], "collision": {"id": "728ec71c-df4e-4467-861e-1aa241c59fcb", "object_type": 13, "health": -7, "hitbox": {"id": "f15e222f-eb94-440c-9715-f5bad937f759", "object_type": 14, "width": 140, "height": 45, "position": [20, 50]}, "collidable": true, "destructible": true}, "damage": 25}, {"id": "fb8c4958-2f48-4ef8-ba7f-8fe1217d28ad", "object_type": 8, "origin": [401.55, 401.55], "endpoint": [380.3367965644036, 422.76320343559644], "collision": null, "damage": 25}], "teleporter_list": [{"id": "58dc5b11-7063-4d67-83d4-b6ad74f4fbc2", "object_type": 19, "health": 10, "hitbox": {"id": "5eac3905-a4ce-428f-ae6b-7c44ff7071cb", "object_type": 14, "width": 10, "height": 10, "position": [168, 483]}, "collidable": false, "turn_cooldown": 5, "countdown": 5}, {"id": "9a5b349e-0a57-444f-80a8-dffd66017ce0", "object_type": 19, "health": 10, "hitbox": {"id": "108e5c52-6b22-4fe5-a774-d24d9801fd4f", "object_type": 14, "width": 10, "height": 10, "position": [178, 174]}, "collidable": false, "turn_cooldown": 5, "countdown": 5}, {"id": "535b73d0-c415-4fe1-97f6-a192b88cd3e3", "object_type": 19, "health": 10, "hitbox": {"id": "a89f6e4d-105f-4a6a-8841-507073b033e2", "object_type": 14, "width": 10, "height": 10, "position": [480, 16]}, "collidable": false, "turn_cooldown": 5, "countdown": 5}, {"id": "e106cbfb-11cf-49a1-8e02-6bae0983a422", "object_type": 19, "health": 10, "hitbox": {"id": "3607be90-f60b-4701-a6b7-73489f175061", "object_type": 14, "width": 10, "height": 10, "position": [161, 2]}, "collidable": false, "turn_cooldown": 5, "countdown": 5}, {"id": "9bdef8f7-4e40-4a5c-ab2d-fbc64da9484d", "object_type": 19, "health": 10, "hitbox": {"id": "7c423482-d252-46e6-89ea-30f209e7ec20", "object_type": 14, "width": 10, "height": 10, "position": [15, 180]}, "collidable": false, "turn_cooldown": 5, "countdown": 5}], "circle_radius": 453.5533905932738}}